{
"type": "FeatureCollection",
"name": "hoehleninventar_editierbar",
"crs": { "type": "name", "properties": { "name": "urn:ogc:def:crs:OGC:1.3:CRS84" } },
"features": [
{ "type": "Feature", "properties": { "name": "SG 30/182 3 Schächte im Rank", "baron_nr": "SG 30/182", "ags_hoehlen_nr": "U12", "bezeichnung": "3 Schächte im Rank", "tiefe": -11.0, "laenge": 32.0, "pendenzen": "NULL", "bemerkung_zur_einrichtung": "NULL", "hoehlenschutz": "NULL" }, "geometry": { "type": "Point", "coordinates": [ 9.343583905728098, 47.1733708186988 ] } },
{ "type": "Feature", "properties": { "name": "SG 30/201 Trilloch Durchgang", "baron_nr": "SG 30/201", "ags_hoehlen_nr": "U22", "bezeichnung": "Trilloch Durchgang", "tiefe": -5.0, "laenge": 20.0, "pendenzen": "NULL", "bemerkung_zur_einrichtung": "NULL", "hoehlenschutz": "NULL" }, "geometry": { "type": "Point", "coordinates": [ 9.343489243813455, 47.174047191307274 ] } },
{ "type": "Feature", "properties": { "name": "SG 30/202 Trilloch Schächtli", "baron_nr": "SG 30/202", "ags_hoehlen_nr": "U22a", "bezeichnung": "Trilloch Schächtli", "tiefe": -7.0, "laenge": 7.0, "pendenzen": "NULL", "bemerkung_zur_einrichtung": "NULL", "hoehlenschutz": "NULL" }, "geometry": { "type": "Point", "coordinates": [ 9.343481181038575, 47.174191283191952 ] } },
{ "type": "Feature", "properties": { "name": "SG 30/185 Schacht im Westflanke", "baron_nr": "SG 30/185", "ags_hoehlen_nr": "U10", "bezeichnung": "Schacht im Westflanke", "tiefe": -17.0, "laenge": 31.0, "pendenzen": "NULL", "bemerkung_zur_einrichtung": "NULL", "hoehlenschutz": "NULL" }, "geometry": { "type": "Point", "coordinates": [ 9.343350591607795, 47.17422943534406 ] } },
{ "type": "Feature", "properties": { "name": "SG 30/184 Doppel-Träger-Loch", "baron_nr": "SG 30/184", "ags_hoehlen_nr": "U9", "bezeichnung": "Doppel-Träger-Loch", "tiefe": -25.0, "laenge": 33.0, "pendenzen": "NULL", "bemerkung_zur_einrichtung": "NULL", "hoehlenschutz": "NULL" }, "geometry": { "type": "Point", "coordinates": [ 9.34312949662467, 47.175060856712051 ] } },
{ "type": "Feature", "properties": { "name": "SG 30/198 Spalt mit Doppeleingang", "baron_nr": "SG 30/198", "ags_hoehlen_nr": "U30", "bezeichnung": "Spalt mit Doppeleingang", "tiefe": -5.0, "laenge": 15.0, "pendenzen": "NULL", "bemerkung_zur_einrichtung": "NULL", "hoehlenschutz": "NULL" }, "geometry": { "type": "Point", "coordinates": [ 9.343891474221055, 47.174967261351242 ] } },
{ "type": "Feature", "properties": { "name": "SG 30/144 Doppelschacht", "baron_nr": "SG 30/144", "ags_hoehlen_nr": "U7", "bezeichnung": "Doppelschacht", "tiefe": -17.0, "laenge": 40.0, "pendenzen": "NULL", "bemerkung_zur_einrichtung": "NULL", "hoehlenschutz": "NULL" }, "geometry": { "type": "Point", "coordinates": [ 9.341510162396254, 47.174421850138145 ] } },
{ "type": "Feature", "properties": { "name": "SG 30/179 Bärenhöhle", "baron_nr": "SG 30/179", "ags_hoehlen_nr": "U8", "bezeichnung": "Bärenhöhle", "tiefe": -5.0, "laenge": 45.0, "pendenzen": "NULL", "bemerkung_zur_einrichtung": "NULL", "hoehlenschutz": "NULL" }, "geometry": { "type": "Point", "coordinates": [ 9.342702640755572, 47.175301855700582 ] } },
{ "type": "Feature", "properties": { "name": "SG 30/186 Kammer in der Wand", "baron_nr": "SG 30/186", "ags_hoehlen_nr": "U11", "bezeichnung": "Kammer in der Wand", "tiefe": -6.0, "laenge": 10.0, "pendenzen": "NULL", "bemerkung_zur_einrichtung": "NULL", "hoehlenschutz": "NULL" }, "geometry": { "type": "Point", "coordinates": [ 9.340690229575202, 47.173256753533138 ] } },
{ "type": "Feature", "properties": { "name": "SG 30/94 Horizontalhöhle", "baron_nr": "SG 30/94", "ags_hoehlen_nr": "O75", "bezeichnung": "Horizontalhöhle", "tiefe": 0.0, "laenge": 53.6, "pendenzen": "NULL", "bemerkung_zur_einrichtung": "NULL", "hoehlenschutz": "NULL" }, "geometry": { "type": "Point", "coordinates": [ 9.327626372090187, 47.170979774407769 ] } },
{ "type": "Feature", "properties": { "name": "SG 30/119 kleiner Schacht beim O80", "baron_nr": "SG 30/119", "ags_hoehlen_nr": "O81", "bezeichnung": "kleiner Schacht beim O80", "tiefe": -12.0, "laenge": 15.0, "pendenzen": "NULL", "bemerkung_zur_einrichtung": "NULL", "hoehlenschutz": "NULL" }, "geometry": { "type": "Point", "coordinates": [ 9.335446474425906, 47.170869068340181 ] } },
{ "type": "Feature", "properties": { "name": "SG 30/111 Schlucht", "baron_nr": "SG 30/111", "ags_hoehlen_nr": "O80", "bezeichnung": "Schlucht", "tiefe": -94.0, "laenge": 480.0, "pendenzen": "NULL", "bemerkung_zur_einrichtung": "NULL", "hoehlenschutz": "NULL" }, "geometry": { "type": "Point", "coordinates": [ 9.335740827803477, 47.170612286828636 ] } },
{ "type": "Feature", "properties": { "name": "SG 30/07 Schacht", "baron_nr": "SG 30/07", "ags_hoehlen_nr": "O1", "bezeichnung": "Schacht", "tiefe": -19.1, "laenge": 21.9, "pendenzen": "NULL", "bemerkung_zur_einrichtung": "NULL", "hoehlenschutz": "NULL" }, "geometry": { "type": "Point", "coordinates": [ 9.335175253496436, 47.168057359481516 ] } },
{ "type": "Feature", "properties": { "name": "SG 30/137 Schacht mit Schichtfugenhöhle", "baron_nr": "SG 30/137", "ags_hoehlen_nr": "O88", "bezeichnung": "Schacht mit Schichtfugenhöhle", "tiefe": -13.7, "laenge": 43.9, "pendenzen": "NULL", "bemerkung_zur_einrichtung": "NULL", "hoehlenschutz": "NULL" }, "geometry": { "type": "Point", "coordinates": [ 9.335453633118263, 47.168466648455393 ] } },
{ "type": "Feature", "properties": { "name": "SG 30/164 kleiner Schacht", "baron_nr": "SG 30/164", "ags_hoehlen_nr": "O103", "bezeichnung": "kleiner Schacht", "tiefe": -9.3, "laenge": 12.4, "pendenzen": "NULL", "bemerkung_zur_einrichtung": "NULL", "hoehlenschutz": "NULL" }, "geometry": { "type": "Point", "coordinates": [ 9.334324565560241, 47.168251332087742 ] } },
{ "type": "Feature", "properties": { "name": "SG 30/17 Höhle", "baron_nr": "SG 30/17", "ags_hoehlen_nr": "O10", "bezeichnung": "Höhle", "tiefe": -32.1, "laenge": 95.6, "pendenzen": "NULL", "bemerkung_zur_einrichtung": "NULL", "hoehlenschutz": "NULL" }, "geometry": { "type": "Point", "coordinates": [ 9.332948992489129, 47.168525923786433 ] } },
{ "type": "Feature", "properties": { "name": "SG 30/08 Spalte", "baron_nr": "SG 30/08", "ags_hoehlen_nr": "O2", "bezeichnung": "Spalte", "tiefe": -7.5, "laenge": 10.8, "pendenzen": "NULL", "bemerkung_zur_einrichtung": "NULL", "hoehlenschutz": "NULL" }, "geometry": { "type": "Point", "coordinates": [ 9.333391823641191, 47.167618890887397 ] } },
{ "type": "Feature", "properties": { "name": "SG 30/21 Spalte", "baron_nr": "SG 30/21", "ags_hoehlen_nr": "O14", "bezeichnung": "Spalte", "tiefe": -8.5, "laenge": 13.6, "pendenzen": "NULL", "bemerkung_zur_einrichtung": "NULL", "hoehlenschutz": "NULL" }, "geometry": { "type": "Point", "coordinates": [ 9.331230361173686, 47.167681472475799 ] } },
{ "type": "Feature", "properties": { "name": "SG 30/35 Karstspalte", "baron_nr": "SG 30/35", "ags_hoehlen_nr": "OA", "bezeichnung": "Karstspalte", "tiefe": -4.1, "laenge": 8.6, "pendenzen": "NULL", "bemerkung_zur_einrichtung": "NULL", "hoehlenschutz": "NULL" }, "geometry": { "type": "Point", "coordinates": [ 9.332021171766096, 47.167659458767687 ] } },
{ "type": "Feature", "properties": { "name": "SG 30/22 Schachthöhle (Doppelspalt mit engem Schacht)", "baron_nr": "SG 30/22", "ags_hoehlen_nr": "O15", "bezeichnung": "Schachthöhle (Doppelspalt mit engem Schacht)", "tiefe": -84.1, "laenge": 107.8, "pendenzen": "NULL", "bemerkung_zur_einrichtung": "NULL", "hoehlenschutz": "NULL" }, "geometry": { "type": "Point", "coordinates": [ 9.33003571797375, 47.167476190982995 ] } },
{ "type": "Feature", "properties": { "name": "SG 30/131 Spalte mit  Schächtlein", "baron_nr": "SG 30/131", "ags_hoehlen_nr": "O83", "bezeichnung": "Spalte mit  Schächtlein", "tiefe": -10.7, "laenge": 15.6, "pendenzen": "NULL", "bemerkung_zur_einrichtung": "NULL", "hoehlenschutz": "NULL" }, "geometry": { "type": "Point", "coordinates": [ 9.329963132924721, 47.168035221871214 ] } },
{ "type": "Feature", "properties": { "name": "SG 30/130 8m Doppelschacht am WW", "baron_nr": "SG 30/130", "ags_hoehlen_nr": "O82", "bezeichnung": "8m Doppelschacht am WW", "tiefe": -10.3, "laenge": 24.8, "pendenzen": "NULL", "bemerkung_zur_einrichtung": "NULL", "hoehlenschutz": "NULL" }, "geometry": { "type": "Point", "coordinates": [ 9.330458460083014, 47.167865122446663 ] } },
{ "type": "Feature", "properties": { "name": "SG 30/129 10m Doppelschacht", "baron_nr": "SG 30/129", "ags_hoehlen_nr": "O79", "bezeichnung": "10m Doppelschacht", "tiefe": -10.8, "laenge": 11.3, "pendenzen": "NULL", "bemerkung_zur_einrichtung": "NULL", "hoehlenschutz": "NULL" }, "geometry": { "type": "Point", "coordinates": [ 9.330379518371721, 47.168244310688259 ] } },
{ "type": "Feature", "properties": { "name": "SG 30/127 Schacht an Bruch-Kreuz", "baron_nr": "SG 30/127", "ags_hoehlen_nr": "O77", "bezeichnung": "Schacht an Bruch-Kreuz", "tiefe": -10.0, "laenge": 15.0, "pendenzen": "NULL", "bemerkung_zur_einrichtung": "NULL", "hoehlenschutz": "NULL" }, "geometry": { "type": "Point", "coordinates": [ 9.330751116625059, 47.168679069235054 ] } },
{ "type": "Feature", "properties": { "name": "SG 30/132 Schacht im Bruch", "baron_nr": "SG 30/132", "ags_hoehlen_nr": "O84", "bezeichnung": "Schacht im Bruch", "tiefe": -28.0, "laenge": 42.0, "pendenzen": "NULL", "bemerkung_zur_einrichtung": "NULL", "hoehlenschutz": "NULL" }, "geometry": { "type": "Point", "coordinates": [ 9.331115544803236, 47.168538112615025 ] } },
{ "type": "Feature", "properties": { "name": "SG 30/18 Spalte mit kl. enger Forts.", "baron_nr": "SG 30/18", "ags_hoehlen_nr": "O11", "bezeichnung": "Spalte mit kl. enger Forts.", "tiefe": -9.1, "laenge": 10.9, "pendenzen": "NULL", "bemerkung_zur_einrichtung": "NULL", "hoehlenschutz": "NULL" }, "geometry": { "type": "Point", "coordinates": [ 9.332078871798311, 47.168171359483019 ] } },
{ "type": "Feature", "properties": { "name": "SG 30/126 Schacht unter Stein", "baron_nr": "SG 30/126", "ags_hoehlen_nr": "O76", "bezeichnung": "Schacht unter Stein ", "tiefe": -20.0, "laenge": 21.0, "pendenzen": "NULL", "bemerkung_zur_einrichtung": "NULL", "hoehlenschutz": "NULL" }, "geometry": { "type": "Point", "coordinates": [ 9.331126397423635, 47.169590626853179 ] } },
{ "type": "Feature", "properties": { "name": "SG 30/128 Schacht", "baron_nr": "SG 30/128", "ags_hoehlen_nr": "O78", "bezeichnung": "Schacht", "tiefe": -14.0, "laenge": 29.8, "pendenzen": "NULL", "bemerkung_zur_einrichtung": "NULL", "hoehlenschutz": "NULL" }, "geometry": { "type": "Point", "coordinates": [ 9.330386858071066, 47.169197911522076 ] } },
{ "type": "Feature", "properties": { "name": "SG 30/134 Schacht und kleine Spalten", "baron_nr": "SG 30/134", "ags_hoehlen_nr": "O86", "bezeichnung": "Schacht und kleine Spalten", "tiefe": -13.8, "laenge": 16.8, "pendenzen": "NULL", "bemerkung_zur_einrichtung": "NULL", "hoehlenschutz": "NULL" }, "geometry": { "type": "Point", "coordinates": [ 9.329566155461817, 47.169121433989972 ] } },
{ "type": "Feature", "properties": { "name": "SG 30/136 Enger Spalt", "baron_nr": "SG 30/136", "ags_hoehlen_nr": "O87", "bezeichnung": "Enger Spalt", "tiefe": -9.0, "laenge": 9.6, "pendenzen": "NULL", "bemerkung_zur_einrichtung": "NULL", "hoehlenschutz": "NULL" }, "geometry": { "type": "Point", "coordinates": [ 9.328524473251672, 47.169138555673925 ] } },
{ "type": "Feature", "properties": { "name": "SG 30/133 kl. Doppelschacht", "baron_nr": "SG 30/133", "ags_hoehlen_nr": "O85", "bezeichnung": "kl. Doppelschacht", "tiefe": -5.5, "laenge": 7.6, "pendenzen": "NULL", "bemerkung_zur_einrichtung": "NULL", "hoehlenschutz": "NULL" }, "geometry": { "type": "Point", "coordinates": [ 9.328145895289163, 47.169252744248844 ] } },
{ "type": "Feature", "properties": { "name": "SG 30/31 Schacht bei Sektor-Ecke", "baron_nr": "SG 30/31", "ags_hoehlen_nr": "O30", "bezeichnung": "Schacht bei Sektor-Ecke", "tiefe": -10.9, "laenge": 10.9, "pendenzen": "NULL", "bemerkung_zur_einrichtung": "NULL", "hoehlenschutz": "NULL" }, "geometry": { "type": "Point", "coordinates": [ 9.329472876303576, 47.167602411783392 ] } },
{ "type": "Feature", "properties": { "name": "SG 30/118 Dreierschacht", "baron_nr": "SG 30/118", "ags_hoehlen_nr": "O74", "bezeichnung": "Dreierschacht", "tiefe": -14.0, "laenge": 21.0, "pendenzen": "NULL", "bemerkung_zur_einrichtung": "NULL", "hoehlenschutz": "NULL" }, "geometry": { "type": "Point", "coordinates": [ 9.328463155275763, 47.167403071038102 ] } },
{ "type": "Feature", "properties": { "name": "keine je 6 m tiefer Doppelschacht, kein Plan", "baron_nr": "keine", "ags_hoehlen_nr": "Oxx", "bezeichnung": "je 6 m tiefer Doppelschacht, kein Plan", "tiefe": 0.0, "laenge": 0.0, "pendenzen": "NULL", "bemerkung_zur_einrichtung": "NULL", "hoehlenschutz": "NULL" }, "geometry": { "type": "Point", "coordinates": [ 9.329082545596956, 47.166637112155875 ] } },
{ "type": "Feature", "properties": { "name": "SG 30/117 Stufenschacht mit grosser Öffnung", "baron_nr": "SG 30/117", "ags_hoehlen_nr": "O73", "bezeichnung": "Stufenschacht mit grosser Öffnung", "tiefe": -30.4, "laenge": 35.3, "pendenzen": "NULL", "bemerkung_zur_einrichtung": "NULL", "hoehlenschutz": "NULL" }, "geometry": { "type": "Point", "coordinates": [ 9.32900995172248, 47.167196142557998 ] } },
{ "type": "Feature", "properties": { "name": "SG 30/125 Doppelschacht", "baron_nr": "SG 30/125", "ags_hoehlen_nr": "O72", "bezeichnung": "Doppelschacht", "tiefe": -11.0, "laenge": 29.0, "pendenzen": "NULL", "bemerkung_zur_einrichtung": "NULL", "hoehlenschutz": "NULL" }, "geometry": { "type": "Point", "coordinates": [ 9.329870330206694, 47.166903078771 ] } },
{ "type": "Feature", "properties": { "name": "SG 30/23 Schacht", "baron_nr": "SG 30/23", "ags_hoehlen_nr": "O16", "bezeichnung": "Schacht", "tiefe": -12.9, "laenge": 14.9, "pendenzen": "NULL", "bemerkung_zur_einrichtung": "NULL", "hoehlenschutz": "NULL" }, "geometry": { "type": "Point", "coordinates": [ 9.331184723508102, 47.166764490851769 ] } },
{ "type": "Feature", "properties": { "name": "SG 30/13 Mini-Schacht", "baron_nr": "SG 30/13", "ags_hoehlen_nr": "OB", "bezeichnung": "Mini-Schacht", "tiefe": -3.6, "laenge": 3.6, "pendenzen": "NULL", "bemerkung_zur_einrichtung": "NULL", "hoehlenschutz": "NULL" }, "geometry": { "type": "Point", "coordinates": [ 9.332427957712149, 47.166851994156019 ] } },
{ "type": "Feature", "properties": { "name": "SG 30/16 Schacht", "baron_nr": "SG 30/16", "ags_hoehlen_nr": "O9", "bezeichnung": "Schacht", "tiefe": -19.2, "laenge": 27.7, "pendenzen": "NULL", "bemerkung_zur_einrichtung": "NULL", "hoehlenschutz": "NULL" }, "geometry": { "type": "Point", "coordinates": [ 9.332560447230444, 47.166867807179521 ] } },
{ "type": "Feature", "properties": { "name": "SG 30/20 Höhle", "baron_nr": "SG 30/20", "ags_hoehlen_nr": "O13", "bezeichnung": "Höhle", "tiefe": -20.1, "laenge": 65.4, "pendenzen": "NULL", "bemerkung_zur_einrichtung": "NULL", "hoehlenschutz": "NULL" }, "geometry": { "type": "Point", "coordinates": [ 9.331204908211324, 47.166962101042763 ] } },
{ "type": "Feature", "properties": { "name": "SG 30/19 Schacht (Paralleler Doppelspalt)", "baron_nr": "SG 30/19", "ags_hoehlen_nr": "O12", "bezeichnung": "Schacht (Paralleler Doppelspalt)", "tiefe": -22.3, "laenge": 60.0, "pendenzen": "NULL", "bemerkung_zur_einrichtung": "NULL", "hoehlenschutz": "NULL" }, "geometry": { "type": "Point", "coordinates": [ 9.331457795531842, 47.166652028307958 ] } },
{ "type": "Feature", "properties": { "name": "SG 30/15 Doppelchacht", "baron_nr": "SG 30/15", "ags_hoehlen_nr": "O8", "bezeichnung": "Doppelchacht", "tiefe": -19.3, "laenge": 68.9, "pendenzen": "NULL", "bemerkung_zur_einrichtung": "NULL", "hoehlenschutz": "NULL" }, "geometry": { "type": "Point", "coordinates": [ 9.332466372200146, 47.166446479330425 ] } },
{ "type": "Feature", "properties": { "name": "SG 30/12 Spalte", "baron_nr": "SG 30/12", "ags_hoehlen_nr": "O6", "bezeichnung": "Spalte", "tiefe": -7.4, "laenge": 9.3, "pendenzen": "NULL", "bemerkung_zur_einrichtung": "NULL", "hoehlenschutz": "NULL" }, "geometry": { "type": "Point", "coordinates": [ 9.332276049710341, 47.166287660340792 ] } },
{ "type": "Feature", "properties": { "name": "SG 30/11 Spalte enger Spalt, unten Schacht", "baron_nr": "SG 30/11", "ags_hoehlen_nr": "O5", "bezeichnung": "Spalte enger Spalt, unten Schacht", "tiefe": -32.4, "laenge": 59.5, "pendenzen": "NULL", "bemerkung_zur_einrichtung": "NULL", "hoehlenschutz": "NULL" }, "geometry": { "type": "Point", "coordinates": [ 9.332618863232506, 47.166282015210591 ] } },
{ "type": "Feature", "properties": { "name": "SG 30/14 Höhle (Doline sehr eng + Schacht)", "baron_nr": "SG 30/14", "ags_hoehlen_nr": "O7", "bezeichnung": "Höhle (Doline sehr eng + Schacht)", "tiefe": -26.0, "laenge": 29.0, "pendenzen": "NULL", "bemerkung_zur_einrichtung": "NULL", "hoehlenschutz": "NULL" }, "geometry": { "type": "Point", "coordinates": [ 9.331993750944271, 47.166139352688688 ] } },
{ "type": "Feature", "properties": { "name": "SG 30/114 Schacht an Bruch", "baron_nr": "SG 30/114", "ags_hoehlen_nr": "O64", "bezeichnung": "Schacht an Bruch", "tiefe": -20.7, "laenge": 35.3, "pendenzen": "NULL", "bemerkung_zur_einrichtung": "NULL", "hoehlenschutz": "NULL" }, "geometry": { "type": "Point", "coordinates": [ 9.33029495085103, 47.166599181885282 ] } },
{ "type": "Feature", "properties": { "name": "SG 30/115 Doppelschacht in Bruch von O68&O69", "baron_nr": "SG 30/115", "ags_hoehlen_nr": "O70", "bezeichnung": "Doppelschacht in Bruch von O68&O69", "tiefe": -17.0, "laenge": 30.9, "pendenzen": "NULL", "bemerkung_zur_einrichtung": "NULL", "hoehlenschutz": "NULL" }, "geometry": { "type": "Point", "coordinates": [ 9.329745121181883, 47.165600518045551 ] } },
{ "type": "Feature", "properties": { "name": "SG 30/102 Doppel-Schacht in langer Spalte", "baron_nr": "SG 30/102", "ags_hoehlen_nr": "O69", "bezeichnung": "Doppel-Schacht in langer Spalte", "tiefe": -18.8, "laenge": 30.4, "pendenzen": "NULL", "bemerkung_zur_einrichtung": "NULL", "hoehlenschutz": "NULL" }, "geometry": { "type": "Point", "coordinates": [ 9.329880300196985, 47.165319376365709 ] } },
{ "type": "Feature", "properties": { "name": "SG 30/25 Schacht", "baron_nr": "SG 30/25", "ags_hoehlen_nr": "O19", "bezeichnung": "Schacht", "tiefe": -9.1, "laenge": 10.2, "pendenzen": "NULL", "bemerkung_zur_einrichtung": "NULL", "hoehlenschutz": "NULL" }, "geometry": { "type": "Point", "coordinates": [ 9.330608968494291, 47.16540636228342 ] } },
{ "type": "Feature", "properties": { "name": "SG 30/24 Schacht  (mit Stufen)", "baron_nr": "SG 30/24", "ags_hoehlen_nr": "O18", "bezeichnung": "Schacht  (mit Stufen)", "tiefe": -19.1, "laenge": 21.6, "pendenzen": "NULL", "bemerkung_zur_einrichtung": "NULL", "hoehlenschutz": "NULL" }, "geometry": { "type": "Point", "coordinates": [ 9.331128447482083, 47.165919663143683 ] } },
{ "type": "Feature", "properties": { "name": "keine vertiefte Doline", "baron_nr": "keine", "ags_hoehlen_nr": "oH", "bezeichnung": "vertiefte Doline", "tiefe": 0.0, "laenge": 7.0, "pendenzen": "NULL", "bemerkung_zur_einrichtung": "NULL", "hoehlenschutz": "NULL" }, "geometry": { "type": "Point", "coordinates": [ 9.331935417375945, 47.165609467386062 ] } },
{ "type": "Feature", "properties": { "name": "SG 30/38 Schacht (eng)", "baron_nr": "SG 30/38", "ags_hoehlen_nr": "O29", "bezeichnung": "Schacht (eng)", "tiefe": -7.6, "laenge": 8.0, "pendenzen": "NULL", "bemerkung_zur_einrichtung": "NULL", "hoehlenschutz": "NULL" }, "geometry": { "type": "Point", "coordinates": [ 9.332089499141986, 47.165489964659521 ] } },
{ "type": "Feature", "properties": { "name": "SG 30/33 Schacht", "baron_nr": "SG 30/33", "ags_hoehlen_nr": "O32", "bezeichnung": "Schacht", "tiefe": -9.0, "laenge": 10.6, "pendenzen": "NULL", "bemerkung_zur_einrichtung": "NULL", "hoehlenschutz": "NULL" }, "geometry": { "type": "Point", "coordinates": [ 9.332671865209646, 47.165543356703459 ] } },
{ "type": "Feature", "properties": { "name": "SG 30/34 verbreiterte Karstspalte", "baron_nr": "SG 30/34", "ags_hoehlen_nr": "oG", "bezeichnung": "verbreiterte Karstspalte", "tiefe": -5.1, "laenge": 10.2, "pendenzen": "NULL", "bemerkung_zur_einrichtung": "NULL", "hoehlenschutz": "NULL" }, "geometry": { "type": "Point", "coordinates": [ 9.331980518537737, 47.165392787651932 ] } },
{ "type": "Feature", "properties": { "name": "SG 30/39 Doline mit Vertiefung", "baron_nr": "SG 30/39", "ags_hoehlen_nr": "oi", "bezeichnung": "Doline mit Vertiefung", "tiefe": -13.7, "laenge": 21.5, "pendenzen": "NULL", "bemerkung_zur_einrichtung": "NULL", "hoehlenschutz": "NULL" }, "geometry": { "type": "Point", "coordinates": [ 9.331960968110383, 47.165213161812282 ] } },
{ "type": "Feature", "properties": { "name": "SG 30/37 Schachthöhle, 3 Schächte", "baron_nr": "SG 30/37", "ags_hoehlen_nr": "O24", "bezeichnung": "Schachthöhle, 3 Schächte", "tiefe": -49.7, "laenge": 101.5, "pendenzen": "NULL", "bemerkung_zur_einrichtung": "NULL", "hoehlenschutz": "NULL" }, "geometry": { "type": "Point", "coordinates": [ 9.33146340286563, 47.164573540537134 ] } },
{ "type": "Feature", "properties": { "name": "SG 30/52 NULL", "baron_nr": "SG 30/52", "ags_hoehlen_nr": "O23G", "bezeichnung": "NULL", "tiefe": -3.1, "laenge": 9.0, "pendenzen": "NULL", "bemerkung_zur_einrichtung": "NULL", "hoehlenschutz": "NULL" }, "geometry": { "type": "Point", "coordinates": [ 9.330726330764163, 47.164621659194729 ] } },
{ "type": "Feature", "properties": { "name": "SG 30/46 bis SG 30/55 Höhlenkomplex O23a-k (\"kleine Arena\")", "baron_nr": "SG 30/46 bis SG 30/55", "ags_hoehlen_nr": "O23", "bezeichnung": "Höhlenkomplex O23a-k (\"kleine Arena\")", "tiefe": 0.0, "laenge": 0.0, "pendenzen": "NULL", "bemerkung_zur_einrichtung": "NULL", "hoehlenschutz": "NULL" }, "geometry": { "type": "Point", "coordinates": [ 9.330383209678182, 47.164618306533434 ] } },
{ "type": "Feature", "properties": { "name": "SG 30/46 NULL", "baron_nr": "SG 30/46", "ags_hoehlen_nr": "O23A", "bezeichnung": "NULL", "tiefe": -10.4, "laenge": 37.47, "pendenzen": "NULL", "bemerkung_zur_einrichtung": "NULL", "hoehlenschutz": "NULL" }, "geometry": { "type": "Point", "coordinates": [ 9.330383209678182, 47.164618306533434 ] } },
{ "type": "Feature", "properties": { "name": "SG 30/48 NULL", "baron_nr": "SG 30/48", "ags_hoehlen_nr": "O23C", "bezeichnung": "NULL", "tiefe": -7.9, "laenge": 24.1, "pendenzen": "NULL", "bemerkung_zur_einrichtung": "NULL", "hoehlenschutz": "NULL" }, "geometry": { "type": "Point", "coordinates": [ 9.330437856698218, 47.164671391892149 ] } },
{ "type": "Feature", "properties": { "name": "SG 30/51 NULL", "baron_nr": "SG 30/51", "ags_hoehlen_nr": "O23F", "bezeichnung": "NULL", "tiefe": -5.7, "laenge": 5.7, "pendenzen": "NULL", "bemerkung_zur_einrichtung": "NULL", "hoehlenschutz": "NULL" }, "geometry": { "type": "Point", "coordinates": [ 9.330532058102539, 47.164723826528494 ] } },
{ "type": "Feature", "properties": { "name": "SG 30/50 NULL", "baron_nr": "SG 30/50", "ags_hoehlen_nr": "O23E", "bezeichnung": "NULL", "tiefe": -11.1, "laenge": 27.72, "pendenzen": "NULL", "bemerkung_zur_einrichtung": "NULL", "hoehlenschutz": "NULL" }, "geometry": { "type": "Point", "coordinates": [ 9.330440400822548, 47.164743329098783 ] } },
{ "type": "Feature", "properties": { "name": "SG 30/49 NULL", "baron_nr": "SG 30/49", "ags_hoehlen_nr": "O23D", "bezeichnung": "NULL", "tiefe": -20.4, "laenge": 43.22, "pendenzen": "NULL", "bemerkung_zur_einrichtung": "NULL", "hoehlenschutz": "NULL" }, "geometry": { "type": "Point", "coordinates": [ 9.330387343760147, 47.164735204497084 ] } },
{ "type": "Feature", "properties": { "name": "SG 30/53 NULL", "baron_nr": "SG 30/53", "ags_hoehlen_nr": "O23H", "bezeichnung": "NULL", "tiefe": -7.5, "laenge": 13.11, "pendenzen": "NULL", "bemerkung_zur_einrichtung": "NULL", "hoehlenschutz": "NULL" }, "geometry": { "type": "Point", "coordinates": [ 9.330550649445549, 47.164876476182506 ] } },
{ "type": "Feature", "properties": { "name": "SG 30/54 NULL", "baron_nr": "SG 30/54", "ags_hoehlen_nr": "O23i", "bezeichnung": "NULL", "tiefe": -5.1, "laenge": 12.12, "pendenzen": "NULL", "bemerkung_zur_einrichtung": "NULL", "hoehlenschutz": "NULL" }, "geometry": { "type": "Point", "coordinates": [ 9.330499818421261, 47.164931296683598 ] } },
{ "type": "Feature", "properties": { "name": "SG 30/101 8-m-Schacht in Spalt", "baron_nr": "SG 30/101", "ags_hoehlen_nr": "O68", "bezeichnung": "8-m-Schacht in Spalt", "tiefe": -8.1, "laenge": 8.1, "pendenzen": "NULL", "bemerkung_zur_einrichtung": "NULL", "hoehlenschutz": "NULL" }, "geometry": { "type": "Point", "coordinates": [ 9.329928270828304, 47.165183626783623 ] } },
{ "type": "Feature", "properties": { "name": "SG 30/55 NULL", "baron_nr": "SG 30/55", "ags_hoehlen_nr": "O23K", "bezeichnung": "NULL", "tiefe": -5.3, "laenge": 6.2, "pendenzen": "NULL", "bemerkung_zur_einrichtung": "NULL", "hoehlenschutz": "NULL" }, "geometry": { "type": "Point", "coordinates": [ 9.330162566855, 47.164720907007528 ] } },
{ "type": "Feature", "properties": { "name": "SG 30/47 NULL", "baron_nr": "SG 30/47", "ags_hoehlen_nr": "O23B", "bezeichnung": "NULL", "tiefe": -9.8, "laenge": 31.41, "pendenzen": "NULL", "bemerkung_zur_einrichtung": "NULL", "hoehlenschutz": "NULL" }, "geometry": { "type": "Point", "coordinates": [ 9.330333332720244, 47.164700103417516 ] } },
{ "type": "Feature", "properties": { "name": "SG 30/98 Doppelschacht", "baron_nr": "SG 30/98", "ags_hoehlen_nr": "O65", "bezeichnung": "Doppelschacht", "tiefe": -12.6, "laenge": 25.4, "pendenzen": "NULL", "bemerkung_zur_einrichtung": "NULL", "hoehlenschutz": "NULL" }, "geometry": { "type": "Point", "coordinates": [ 9.328213444808586, 47.164815930600369 ] } },
{ "type": "Feature", "properties": { "name": "SG 30/99 Durchgangshöhle", "baron_nr": "SG 30/99", "ags_hoehlen_nr": "O66", "bezeichnung": "Durchgangshöhle", "tiefe": -8.0, "laenge": 23.0, "pendenzen": "NULL", "bemerkung_zur_einrichtung": "NULL", "hoehlenschutz": "NULL" }, "geometry": { "type": "Point", "coordinates": [ 9.32843774399096, 47.1651901347891 ] } },
{ "type": "Feature", "properties": { "name": "SG 30/100 Schacht in Spalte unter Versturz", "baron_nr": "SG 30/100", "ags_hoehlen_nr": "O67", "bezeichnung": "Schacht in Spalte unter Versturz", "tiefe": -21.6, "laenge": 41.2, "pendenzen": "NULL", "bemerkung_zur_einrichtung": "NULL", "hoehlenschutz": "NULL" }, "geometry": { "type": "Point", "coordinates": [ 9.329404843159647, 47.164931309631072 ] } },
{ "type": "Feature", "properties": { "name": "SG 30/116 50er-Schacht", "baron_nr": "SG 30/116", "ags_hoehlen_nr": "O71", "bezeichnung": "50er-Schacht ", "tiefe": -58.0, "laenge": 79.0, "pendenzen": "NULL", "bemerkung_zur_einrichtung": "NULL", "hoehlenschutz": "NULL" }, "geometry": { "type": "Point", "coordinates": [ 9.329397226192203, 47.165462280178787 ] } },
{ "type": "Feature", "properties": { "name": "SG 30/96 schräger Schacht", "baron_nr": "SG 30/96", "ags_hoehlen_nr": "O63", "bezeichnung": "schräger Schacht", "tiefe": -10.7, "laenge": 11.9, "pendenzen": "NULL", "bemerkung_zur_einrichtung": "NULL", "hoehlenschutz": "NULL" }, "geometry": { "type": "Point", "coordinates": [ 9.328095579215347, 47.164466969490896 ] } },
{ "type": "Feature", "properties": { "name": "SG 30/95 Karstspalte", "baron_nr": "SG 30/95", "ags_hoehlen_nr": "O62", "bezeichnung": "Karstspalte", "tiefe": -6.8, "laenge": 7.7, "pendenzen": "NULL", "bemerkung_zur_einrichtung": "NULL", "hoehlenschutz": "NULL" }, "geometry": { "type": "Point", "coordinates": [ 9.328739881100441, 47.164033505170416 ] } },
{ "type": "Feature", "properties": { "name": "SG 30/78 Schacht", "baron_nr": "SG 30/78", "ags_hoehlen_nr": "O43", "bezeichnung": "Schacht", "tiefe": -12.9, "laenge": 14.1, "pendenzen": "NULL", "bemerkung_zur_einrichtung": "NULL", "hoehlenschutz": "NULL" }, "geometry": { "type": "Point", "coordinates": [ 9.328458874748058, 47.16392115738666 ] } },
{ "type": "Feature", "properties": { "name": "SG 30/79 Schacht", "baron_nr": "SG 30/79", "ags_hoehlen_nr": "O44", "bezeichnung": "Schacht", "tiefe": -5.2, "laenge": 12.9, "pendenzen": "NULL", "bemerkung_zur_einrichtung": "NULL", "hoehlenschutz": "NULL" }, "geometry": { "type": "Point", "coordinates": [ 9.328255227435633, 47.164131443446465 ] } },
{ "type": "Feature", "properties": { "name": "SG 30/80 Schacht", "baron_nr": "SG 30/80", "ags_hoehlen_nr": "O45", "bezeichnung": "Schacht", "tiefe": -9.3, "laenge": 12.1, "pendenzen": "NULL", "bemerkung_zur_einrichtung": "NULL", "hoehlenschutz": "NULL" }, "geometry": { "type": "Point", "coordinates": [ 9.32821551738499, 47.163754206059288 ] } },
{ "type": "Feature", "properties": { "name": "SG 30/81 Stufen-Schacht", "baron_nr": "SG 30/81", "ags_hoehlen_nr": "O46", "bezeichnung": "Stufen-Schacht", "tiefe": -32.6, "laenge": 39.7, "pendenzen": "NULL", "bemerkung_zur_einrichtung": "NULL", "hoehlenschutz": "NULL" }, "geometry": { "type": "Point", "coordinates": [ 9.328022041072593, 47.16350545832772 ] } },
{ "type": "Feature", "properties": { "name": "SG 30/84 Spalt", "baron_nr": "SG 30/84", "ags_hoehlen_nr": "O49", "bezeichnung": "Spalt", "tiefe": -9.4, "laenge": 9.4, "pendenzen": "NULL", "bemerkung_zur_einrichtung": "NULL", "hoehlenschutz": "NULL" }, "geometry": { "type": "Point", "coordinates": [ 9.328709697628543, 47.163179250159708 ] } },
{ "type": "Feature", "properties": { "name": "SG 30/83 Schacht", "baron_nr": "SG 30/83", "ags_hoehlen_nr": "O48", "bezeichnung": "Schacht", "tiefe": -13.1, "laenge": 15.3, "pendenzen": "NULL", "bemerkung_zur_einrichtung": "NULL", "hoehlenschutz": "NULL" }, "geometry": { "type": "Point", "coordinates": [ 9.328659501745205, 47.163252054187751 ] } },
{ "type": "Feature", "properties": { "name": "SG 30/88 Karstspalte", "baron_nr": "SG 30/88", "ags_hoehlen_nr": "O52b", "bezeichnung": "Karstspalte", "tiefe": -7.1, "laenge": 8.2, "pendenzen": "NULL", "bemerkung_zur_einrichtung": "NULL", "hoehlenschutz": "NULL" }, "geometry": { "type": "Point", "coordinates": [ 9.327729759873652, 47.163447278322117 ] } },
{ "type": "Feature", "properties": { "name": "SG 30/87 kleiner Schacht mit Doppelöffnung", "baron_nr": "SG 30/87", "ags_hoehlen_nr": "O52a", "bezeichnung": "kleiner Schacht mit Doppelöffnung", "tiefe": -3.8, "laenge": 14.0, "pendenzen": "NULL", "bemerkung_zur_einrichtung": "NULL", "hoehlenschutz": "NULL" }, "geometry": { "type": "Point", "coordinates": [ 9.327729759873652, 47.163447278322117 ] } },
{ "type": "Feature", "properties": { "name": "SG 30/87 und SG 30/88 kleiner Schacht und Karstspalte", "baron_nr": "SG 30/87 und SG 30/88", "ags_hoehlen_nr": "O52", "bezeichnung": "kleiner Schacht und Karstspalte", "tiefe": 0.0, "laenge": 0.0, "pendenzen": "NULL", "bemerkung_zur_einrichtung": "NULL", "hoehlenschutz": "NULL" }, "geometry": { "type": "Point", "coordinates": [ 9.327729759873652, 47.163447278322117 ] } },
{ "type": "Feature", "properties": { "name": "SG 30/90 Doppelschacht, eng", "baron_nr": "SG 30/90", "ags_hoehlen_nr": "O54", "bezeichnung": "Doppelschacht, eng", "tiefe": -6.8, "laenge": 7.9, "pendenzen": "NULL", "bemerkung_zur_einrichtung": "NULL", "hoehlenschutz": "NULL" }, "geometry": { "type": "Point", "coordinates": [ 9.328667919465385, 47.162370172455304 ] } },
{ "type": "Feature", "properties": { "name": "SG 30/89 tief, gross", "baron_nr": "SG 30/89", "ags_hoehlen_nr": "O53", "bezeichnung": "tief, gross", "tiefe": -15.9, "laenge": 15.9, "pendenzen": "NULL", "bemerkung_zur_einrichtung": "NULL", "hoehlenschutz": "NULL" }, "geometry": { "type": "Point", "coordinates": [ 9.328482705507744, 47.162355221604827 ] } },
{ "type": "Feature", "properties": { "name": "SG 30/91 Schacht mit Versturzdeckel", "baron_nr": "SG 30/91", "ags_hoehlen_nr": "O55", "bezeichnung": "Schacht mit Versturzdeckel", "tiefe": -15.8, "laenge": 17.9, "pendenzen": "NULL", "bemerkung_zur_einrichtung": "NULL", "hoehlenschutz": "NULL" }, "geometry": { "type": "Point", "coordinates": [ 9.328722244772674, 47.162414266497947 ] } },
{ "type": "Feature", "properties": { "name": "SG 30/92 Schacht (eng)", "baron_nr": "SG 30/92", "ags_hoehlen_nr": "O56", "bezeichnung": "Schacht (eng)", "tiefe": -21.9, "laenge": 23.9, "pendenzen": "NULL", "bemerkung_zur_einrichtung": "NULL", "hoehlenschutz": "NULL" }, "geometry": { "type": "Point", "coordinates": [ 9.328937004894494, 47.162518705129152 ] } },
{ "type": "Feature", "properties": { "name": "SG 30/93 Brillenobjekt", "baron_nr": "SG 30/93", "ags_hoehlen_nr": "O57", "bezeichnung": "Brillenobjekt", "tiefe": -3.5, "laenge": 4.2, "pendenzen": "NULL", "bemerkung_zur_einrichtung": "NULL", "hoehlenschutz": "NULL" }, "geometry": { "type": "Point", "coordinates": [ 9.328777205614992, 47.162476344835142 ] } },
{ "type": "Feature", "properties": { "name": "SG 30/82 Schacht", "baron_nr": "SG 30/82", "ags_hoehlen_nr": "O47", "bezeichnung": "Schacht", "tiefe": -5.6, "laenge": 9.0, "pendenzen": "NULL", "bemerkung_zur_einrichtung": "NULL", "hoehlenschutz": "NULL" }, "geometry": { "type": "Point", "coordinates": [ 9.328492711548138, 47.163011866001717 ] } },
{ "type": "Feature", "properties": { "name": "SG 30/85 Schacht", "baron_nr": "SG 30/85", "ags_hoehlen_nr": "O50", "bezeichnung": "Schacht", "tiefe": -23.6, "laenge": 24.4, "pendenzen": "NULL", "bemerkung_zur_einrichtung": "NULL", "hoehlenschutz": "NULL" }, "geometry": { "type": "Point", "coordinates": [ 9.328805005292036, 47.162889767486973 ] } },
{ "type": "Feature", "properties": { "name": "SG 30/86 Schacht", "baron_nr": "SG 30/86", "ags_hoehlen_nr": "O51", "bezeichnung": "Schacht", "tiefe": -8.2, "laenge": 8.4, "pendenzen": "NULL", "bemerkung_zur_einrichtung": "NULL", "hoehlenschutz": "NULL" }, "geometry": { "type": "Point", "coordinates": [ 9.328723993111796, 47.162837114719167 ] } },
{ "type": "Feature", "properties": { "name": "SG 30/63 Spalt/Schacht westlich O31", "baron_nr": "SG 30/63", "ags_hoehlen_nr": "O33A", "bezeichnung": "Spalt/Schacht westlich O31", "tiefe": -7.4, "laenge": 9.7, "pendenzen": "NULL", "bemerkung_zur_einrichtung": "NULL", "hoehlenschutz": "NULL" }, "geometry": { "type": "Point", "coordinates": [ 9.330921810029139, 47.16306189520364 ] } },
{ "type": "Feature", "properties": { "name": "SG 30/32 Schacht direkt am Weg Gamsalp-Plisa", "baron_nr": "SG 30/32", "ags_hoehlen_nr": "O31", "bezeichnung": "Schacht direkt am Weg Gamsalp-Plisa", "tiefe": -26.4, "laenge": 52.3, "pendenzen": "NULL", "bemerkung_zur_einrichtung": "NULL", "hoehlenschutz": "NULL" }, "geometry": { "type": "Point", "coordinates": [ 9.330956909771395, 47.162935354216053 ] } },
{ "type": "Feature", "properties": { "name": "SG 30/75 Loch über Wanderweg", "baron_nr": "SG 30/75", "ags_hoehlen_nr": "O59", "bezeichnung": "Loch über Wanderweg", "tiefe": -8.4, "laenge": 13.4, "pendenzen": "NULL", "bemerkung_zur_einrichtung": "NULL", "hoehlenschutz": "NULL" }, "geometry": { "type": "Point", "coordinates": [ 9.330039541017101, 47.161987725668311 ] } },
{ "type": "Feature", "properties": { "name": "SG 30/36 Schacht / Nebendoline", "baron_nr": "SG 30/36", "ags_hoehlen_nr": "O17", "bezeichnung": "Schacht / Nebendoline", "tiefe": -191.0, "laenge": 483.0, "pendenzen": "NULL", "bemerkung_zur_einrichtung": "NULL", "hoehlenschutz": "NULL" }, "geometry": { "type": "Point", "coordinates": [ 9.330762295326441, 47.162281747153941 ] } },
{ "type": "Feature", "properties": { "name": "SG 30/68 grosse Doline", "baron_nr": "SG 30/68", "ags_hoehlen_nr": "O37", "bezeichnung": "grosse Doline", "tiefe": -8.7, "laenge": 24.6, "pendenzen": "NULL", "bemerkung_zur_einrichtung": "NULL", "hoehlenschutz": "NULL" }, "geometry": { "type": "Point", "coordinates": [ 9.331134950937402, 47.162374586291683 ] } },
{ "type": "Feature", "properties": { "name": "SG 30/73 Schacht", "baron_nr": "SG 30/73", "ags_hoehlen_nr": "O42", "bezeichnung": "Schacht", "tiefe": -12.3, "laenge": 23.9, "pendenzen": "NULL", "bemerkung_zur_einrichtung": "NULL", "hoehlenschutz": "NULL" }, "geometry": { "type": "Point", "coordinates": [ 9.331407046163701, 47.16223514728587 ] } },
{ "type": "Feature", "properties": { "name": "SG 30/70 zu enger Spalt in Doline", "baron_nr": "SG 30/70", "ags_hoehlen_nr": "O39", "bezeichnung": "zu enger Spalt in Doline", "tiefe": -4.0, "laenge": 4.5, "pendenzen": "NULL", "bemerkung_zur_einrichtung": "NULL", "hoehlenschutz": "NULL" }, "geometry": { "type": "Point", "coordinates": [ 9.331945868880688, 47.162550183489564 ] } },
{ "type": "Feature", "properties": { "name": "SG 30/71 kleiner Schacht", "baron_nr": "SG 30/71", "ags_hoehlen_nr": "O40", "bezeichnung": "kleiner Schacht", "tiefe": -8.1, "laenge": 11.58, "pendenzen": "NULL", "bemerkung_zur_einrichtung": "NULL", "hoehlenschutz": "NULL" }, "geometry": { "type": "Point", "coordinates": [ 9.331784475981769, 47.16246286661778 ] } },
{ "type": "Feature", "properties": { "name": "SG 30/72 Schacht auf \"Balkon\"", "baron_nr": "SG 30/72", "ags_hoehlen_nr": "O41", "bezeichnung": "Schacht auf \"Balkon\"", "tiefe": -6.7, "laenge": 7.0, "pendenzen": "NULL", "bemerkung_zur_einrichtung": "NULL", "hoehlenschutz": "NULL" }, "geometry": { "type": "Point", "coordinates": [ 9.331536521731579, 47.162538927411958 ] } },
{ "type": "Feature", "properties": { "name": "SG 30/69 12m Schacht", "baron_nr": "SG 30/69", "ags_hoehlen_nr": "O38a", "bezeichnung": "12m Schacht", "tiefe": -11.8, "laenge": 11.8, "pendenzen": "NULL", "bemerkung_zur_einrichtung": "NULL", "hoehlenschutz": "NULL" }, "geometry": { "type": "Point", "coordinates": [ 9.331502378167002, 47.162692445045707 ] } },
{ "type": "Feature", "properties": { "name": "SG 30/69 Bruch mit Schächten", "baron_nr": "SG 30/69", "ags_hoehlen_nr": "O38", "bezeichnung": "Bruch mit Schächten", "tiefe": 0.0, "laenge": 0.0, "pendenzen": "NULL", "bemerkung_zur_einrichtung": "NULL", "hoehlenschutz": "NULL" }, "geometry": { "type": "Point", "coordinates": [ 9.331502378167002, 47.162692445045707 ] } },
{ "type": "Feature", "properties": { "name": "SG 30/69 Nebenschacht, 5 m", "baron_nr": "SG 30/69", "ags_hoehlen_nr": "O38b", "bezeichnung": "Nebenschacht, 5 m", "tiefe": -3.9, "laenge": 4.5, "pendenzen": "NULL", "bemerkung_zur_einrichtung": "NULL", "hoehlenschutz": "NULL" }, "geometry": { "type": "Point", "coordinates": [ 9.331476327837189, 47.162701871219369 ] } },
{ "type": "Feature", "properties": { "name": "SG 30/77 kleiner Schacht", "baron_nr": "SG 30/77", "ags_hoehlen_nr": "OF", "bezeichnung": "kleiner Schacht", "tiefe": -5.7, "laenge": 5.7, "pendenzen": "NULL", "bemerkung_zur_einrichtung": "NULL", "hoehlenschutz": "NULL" }, "geometry": { "type": "Point", "coordinates": [ 9.331279200272116, 47.16272311049282 ] } },
{ "type": "Feature", "properties": { "name": "SG 30/69 Schacht in Spalt", "baron_nr": "SG 30/69", "ags_hoehlen_nr": "O38c", "bezeichnung": "Schacht in Spalt", "tiefe": -5.6, "laenge": 5.8, "pendenzen": "NULL", "bemerkung_zur_einrichtung": "NULL", "hoehlenschutz": "NULL" }, "geometry": { "type": "Point", "coordinates": [ 9.331451550193567, 47.162747265996657 ] } },
{ "type": "Feature", "properties": { "name": "SG 30/69 Schacht in Spalt", "baron_nr": "SG 30/69", "ags_hoehlen_nr": "O38d", "bezeichnung": "Schacht in Spalt", "tiefe": -7.0, "laenge": 7.7, "pendenzen": "NULL", "bemerkung_zur_einrichtung": "NULL", "hoehlenschutz": "NULL" }, "geometry": { "type": "Point", "coordinates": [ 9.33138881049006, 47.162838272533513 ] } },
{ "type": "Feature", "properties": { "name": "SG 30/76 Schacht bei Nord-Ecke", "baron_nr": "SG 30/76", "ags_hoehlen_nr": "O60", "bezeichnung": "Schacht bei Nord-Ecke", "tiefe": -5.95, "laenge": 7.45, "pendenzen": "NULL", "bemerkung_zur_einrichtung": "NULL", "hoehlenschutz": "NULL" }, "geometry": { "type": "Point", "coordinates": [ 9.331618671055431, 47.162996442056716 ] } },
{ "type": "Feature", "properties": { "name": "SG 30/61 Gitterschacht und Nebenschacht", "baron_nr": "SG 30/61", "ags_hoehlen_nr": "O27", "bezeichnung": "Gitterschacht und Nebenschacht", "tiefe": -47.0, "laenge": 63.0, "pendenzen": "NULL", "bemerkung_zur_einrichtung": "NULL", "hoehlenschutz": "NULL" }, "geometry": { "type": "Point", "coordinates": [ 9.331690501310444, 47.163535102975978 ] } },
{ "type": "Feature", "properties": { "name": "SG 30/41 Schacht", "baron_nr": "SG 30/41", "ags_hoehlen_nr": "O22B", "bezeichnung": "Schacht", "tiefe": -28.0, "laenge": 31.6, "pendenzen": "NULL", "bemerkung_zur_einrichtung": "NULL", "hoehlenschutz": "NULL" }, "geometry": { "type": "Point", "coordinates": [ 9.331218087632786, 47.163605860267992 ] } },
{ "type": "Feature", "properties": { "name": "SG 30/57 bis SG 30/60 4 Schächte (südlich O27)", "baron_nr": "SG 30/57 bis SG 30/60", "ags_hoehlen_nr": "O26", "bezeichnung": "4 Schächte (südlich O27)", "tiefe": -9.0, "laenge": 29.0, "pendenzen": "NULL", "bemerkung_zur_einrichtung": "NULL", "hoehlenschutz": "NULL" }, "geometry": { "type": "Point", "coordinates": [ 9.331533878737439, 47.163582668023253 ] } },
{ "type": "Feature", "properties": { "name": "SG 30/40 Karstspalte", "baron_nr": "SG 30/40", "ags_hoehlen_nr": "O22A", "bezeichnung": "Karstspalte", "tiefe": -3.4, "laenge": 5.3, "pendenzen": "NULL", "bemerkung_zur_einrichtung": "NULL", "hoehlenschutz": "NULL" }, "geometry": { "type": "Point", "coordinates": [ 9.33124350216009, 47.163578449852757 ] } },
{ "type": "Feature", "properties": { "name": "SG 30/40 bis SG 30/45 Schacht und Spalten in einem Bruch", "baron_nr": "SG 30/40 bis SG 30/45", "ags_hoehlen_nr": "O22", "bezeichnung": "Schacht und Spalten in einem Bruch", "tiefe": 0.0, "laenge": 0.0, "pendenzen": "NULL", "bemerkung_zur_einrichtung": "NULL", "hoehlenschutz": "NULL" }, "geometry": { "type": "Point", "coordinates": [ 9.33124350216009, 47.163578449852757 ] } },
{ "type": "Feature", "properties": { "name": "SG 30/56 Schacht in Spalte (2 Öffnungen)", "baron_nr": "SG 30/56", "ags_hoehlen_nr": "O25", "bezeichnung": "Schacht in Spalte (2 Öffnungen)", "tiefe": -13.3, "laenge": 24.4, "pendenzen": "NULL", "bemerkung_zur_einrichtung": "NULL", "hoehlenschutz": "NULL" }, "geometry": { "type": "Point", "coordinates": [ 9.331356753642423, 47.163423630383612 ] } },
{ "type": "Feature", "properties": { "name": "SG 30/64 dito", "baron_nr": "SG 30/64", "ags_hoehlen_nr": "O33B", "bezeichnung": "dito", "tiefe": -8.9, "laenge": 24.8, "pendenzen": "NULL", "bemerkung_zur_einrichtung": "NULL", "hoehlenschutz": "NULL" }, "geometry": { "type": "Point", "coordinates": [ 9.330795373667751, 47.163216931189901 ] } },
{ "type": "Feature", "properties": { "name": "SG 30/62 Schachthöhle", "baron_nr": "SG 30/62", "ags_hoehlen_nr": "O28", "bezeichnung": "Schachthöhle", "tiefe": -42.0, "laenge": 51.0, "pendenzen": "NULL", "bemerkung_zur_einrichtung": "NULL", "hoehlenschutz": "NULL" }, "geometry": { "type": "Point", "coordinates": [ 9.331074790656201, 47.163284312522052 ] } },
{ "type": "Feature", "properties": { "name": "SG 30/94 gr. Spalt mit Schacht", "baron_nr": "SG 30/94", "ags_hoehlen_nr": "O61", "bezeichnung": "gr. Spalt mit Schacht", "tiefe": -11.0, "laenge": 19.3, "pendenzen": "NULL", "bemerkung_zur_einrichtung": "NULL", "hoehlenschutz": "NULL" }, "geometry": { "type": "Point", "coordinates": [ 9.329516805582333, 47.163246958549408 ] } },
{ "type": "Feature", "properties": { "name": "SG 30/42 Karstspalte", "baron_nr": "SG 30/42", "ags_hoehlen_nr": "O22C", "bezeichnung": "Karstspalte", "tiefe": -5.9, "laenge": 6.4, "pendenzen": "NULL", "bemerkung_zur_einrichtung": "NULL", "hoehlenschutz": "NULL" }, "geometry": { "type": "Point", "coordinates": [ 9.331154710265402, 47.163678882356329 ] } },
{ "type": "Feature", "properties": { "name": "SG 30/43 Karstspalte", "baron_nr": "SG 30/43", "ags_hoehlen_nr": "O22D", "bezeichnung": "Karstspalte", "tiefe": -3.6, "laenge": 3.6, "pendenzen": "NULL", "bemerkung_zur_einrichtung": "NULL", "hoehlenschutz": "NULL" }, "geometry": { "type": "Point", "coordinates": [ 9.331080375031906, 47.163815066430274 ] } },
{ "type": "Feature", "properties": { "name": "SG 30/44 tiefe Karstspalte", "baron_nr": "SG 30/44", "ags_hoehlen_nr": "O22E", "bezeichnung": "tiefe Karstspalte", "tiefe": -14.1, "laenge": 35.3, "pendenzen": "NULL", "bemerkung_zur_einrichtung": "NULL", "hoehlenschutz": "NULL" }, "geometry": { "type": "Point", "coordinates": [ 9.331093559564046, 47.163814849465794 ] } },
{ "type": "Feature", "properties": { "name": "SG 30/45 Doline", "baron_nr": "SG 30/45", "ags_hoehlen_nr": "O22F", "bezeichnung": "Doline", "tiefe": -5.6, "laenge": 10.0, "pendenzen": "NULL", "bemerkung_zur_einrichtung": "NULL", "hoehlenschutz": "NULL" }, "geometry": { "type": "Point", "coordinates": [ 9.330815268551255, 47.164152331936897 ] } },
{ "type": "Feature", "properties": { "name": "SG 30/26 Schacht", "baron_nr": "SG 30/26", "ags_hoehlen_nr": "O20", "bezeichnung": "Schacht", "tiefe": -9.3, "laenge": 11.2, "pendenzen": "NULL", "bemerkung_zur_einrichtung": "NULL", "hoehlenschutz": "NULL" }, "geometry": { "type": "Point", "coordinates": [ 9.331614937008595, 47.164382101227339 ] } },
{ "type": "Feature", "properties": { "name": "SG 30/27 Schacht", "baron_nr": "SG 30/27", "ags_hoehlen_nr": "O21A", "bezeichnung": "Schacht", "tiefe": -23.9, "laenge": 25.3, "pendenzen": "NULL", "bemerkung_zur_einrichtung": "NULL", "hoehlenschutz": "NULL" }, "geometry": { "type": "Point", "coordinates": [ 9.331435581763593, 47.164160118699385 ] } },
{ "type": "Feature", "properties": { "name": "SG 30/27 bis SG 30/30 4 Schächte in einem Bruch", "baron_nr": "SG 30/27 bis SG 30/30", "ags_hoehlen_nr": "O21", "bezeichnung": "4 Schächte in einem Bruch", "tiefe": 0.0, "laenge": 0.0, "pendenzen": "NULL", "bemerkung_zur_einrichtung": "NULL", "hoehlenschutz": "NULL" }, "geometry": { "type": "Point", "coordinates": [ 9.331435581763593, 47.164160118699385 ] } },
{ "type": "Feature", "properties": { "name": "SG 30/28 kleiner Schacht mit horiz. Spalt", "baron_nr": "SG 30/28", "ags_hoehlen_nr": "O21B", "bezeichnung": "kleiner Schacht mit horiz. Spalt", "tiefe": -7.0, "laenge": 10.4, "pendenzen": "NULL", "bemerkung_zur_einrichtung": "NULL", "hoehlenschutz": "NULL" }, "geometry": { "type": "Point", "coordinates": [ 9.331510552955296, 47.164041918705998 ] } },
{ "type": "Feature", "properties": { "name": "SG 30/29 tiefer Schacht", "baron_nr": "SG 30/29", "ags_hoehlen_nr": "O21C", "bezeichnung": "tiefer Schacht", "tiefe": -34.8, "laenge": 39.3, "pendenzen": "NULL", "bemerkung_zur_einrichtung": "NULL", "hoehlenschutz": "NULL" }, "geometry": { "type": "Point", "coordinates": [ 9.331612847553863, 47.163950261061807 ] } },
{ "type": "Feature", "properties": { "name": "SG 30/30 Schacht", "baron_nr": "SG 30/30", "ags_hoehlen_nr": "O21D", "bezeichnung": "Schacht", "tiefe": -9.9, "laenge": 11.1, "pendenzen": "NULL", "bemerkung_zur_einrichtung": "NULL", "hoehlenschutz": "NULL" }, "geometry": { "type": "Point", "coordinates": [ 9.331650810169776, 47.163904649234745 ] } },
{ "type": "Feature", "properties": { "name": "", "baron_nr": null, "ags_hoehlen_nr": null, "bezeichnung": null, "tiefe": null, "laenge": null, "pendenzen": null, "bemerkung_zur_einrichtung": null, "hoehlenschutz": "" }, "geometry": { "type": "Point", "coordinates": [ 9.337679103703241, 47.164830996573428 ] } },
{ "type": "Feature", "properties": { "name": "", "baron_nr": null, "ags_hoehlen_nr": null, "bezeichnung": null, "tiefe": null, "laenge": null, "pendenzen": null, "bemerkung_zur_einrichtung": null, "hoehlenschutz": "" }, "geometry": { "type": "Point", "coordinates": [ 9.337642636780028, 47.164695884659302 ] } },
{ "type": "Feature", "properties": { "name": "SG 30/173 Tiefe Schachthöhle", "baron_nr": "SG 30/173", "ags_hoehlen_nr": "O101", "bezeichnung": "Tiefe Schachthöhle", "tiefe": -100.0, "laenge": 100.0, "pendenzen": "NULL", "bemerkung_zur_einrichtung": "NULL", "hoehlenschutz": "NULL" }, "geometry": { "type": "Point", "coordinates": [ 9.333713033955279, 47.165886100286983 ] } },
{ "type": "Feature", "properties": { "name": "SG 30/10 Höhle (kleiner Schacht und Kämmerchen)", "baron_nr": "SG 30/10", "ags_hoehlen_nr": "O4", "bezeichnung": "Höhle (kleiner Schacht und Kämmerchen)", "tiefe": -6.5, "laenge": 11.8, "pendenzen": "NULL", "bemerkung_zur_einrichtung": "NULL", "hoehlenschutz": "NULL" }, "geometry": { "type": "Point", "coordinates": [ 9.332939446208069, 47.166393701238192 ] } },
{ "type": "Feature", "properties": { "name": "SG 30/163 Horiz. Spalt, hinten Schächtlein", "baron_nr": "SG 30/163", "ags_hoehlen_nr": "O102", "bezeichnung": "Horiz. Spalt, hinten Schächtlein", "tiefe": -6.0, "laenge": 9.5, "pendenzen": "NULL", "bemerkung_zur_einrichtung": "NULL", "hoehlenschutz": "NULL" }, "geometry": { "type": "Point", "coordinates": [ 9.3340546464959, 47.166591264338507 ] } },
{ "type": "Feature", "properties": { "name": "SG 30/09 Spalte", "baron_nr": "SG 30/09", "ags_hoehlen_nr": "O3", "bezeichnung": "Spalte", "tiefe": -8.1, "laenge": 47.3, "pendenzen": "NULL", "bemerkung_zur_einrichtung": "NULL", "hoehlenschutz": "NULL" }, "geometry": { "type": "Point", "coordinates": [ 9.333060850806319, 47.166841570743955 ] } },
{ "type": "Feature", "properties": { "name": "Fertig", "baron_nr": null, "ags_hoehlen_nr": "X", "bezeichnung": "Fertig", "tiefe": null, "laenge": null, "pendenzen": null, "bemerkung_zur_einrichtung": null, "hoehlenschutz": "" }, "geometry": { "type": "Point", "coordinates": [ 9.341748743937618, 47.166092016569323 ] } },
{ "type": "Feature", "properties": { "name": "Stacheldraht zum entfernen", "baron_nr": null, "ags_hoehlen_nr": "X", "bezeichnung": "Stacheldraht zum entfernen", "tiefe": null, "laenge": null, "pendenzen": null, "bemerkung_zur_einrichtung": null, "hoehlenschutz": "" }, "geometry": { "type": "Point", "coordinates": [ 9.341894993632286, 47.165961556880568 ] } },
{ "type": "Feature", "properties": { "name": "Loch in Wiese ca. 7 m", "baron_nr": null, "ags_hoehlen_nr": "X", "bezeichnung": "Loch in Wiese ca. 7 m", "tiefe": null, "laenge": null, "pendenzen": null, "bemerkung_zur_einrichtung": null, "hoehlenschutz": "" }, "geometry": { "type": "Point", "coordinates": [ 9.34281139292329, 47.166411292893244 ] } },
{ "type": "Feature", "properties": { "name": "Dolinchen mit Erdloch und Schlammfortsetzung", "baron_nr": null, "ags_hoehlen_nr": "X", "bezeichnung": "Dolinchen mit Erdloch und Schlammfortsetzung", "tiefe": null, "laenge": null, "pendenzen": null, "bemerkung_zur_einrichtung": null, "hoehlenschutz": "" }, "geometry": { "type": "Point", "coordinates": [ 9.342817638460568, 47.166992281096512 ] } },
{ "type": "Feature", "properties": { "name": "", "baron_nr": null, "ags_hoehlen_nr": "X", "bezeichnung": null, "tiefe": null, "laenge": null, "pendenzen": null, "bemerkung_zur_einrichtung": null, "hoehlenschutz": "" }, "geometry": { "type": "Point", "coordinates": [ 9.342678560552857, 47.166902384307726 ] } },
{ "type": "Feature", "properties": { "name": "Mürslifelsdoline", "baron_nr": null, "ags_hoehlen_nr": "W26", "bezeichnung": "Mürslifelsdoline", "tiefe": null, "laenge": null, "pendenzen": null, "bemerkung_zur_einrichtung": null, "hoehlenschutz": "" }, "geometry": { "type": "Point", "coordinates": [ 9.341652187569101, 47.166738590157813 ] } },
{ "type": "Feature", "properties": { "name": "", "baron_nr": null, "ags_hoehlen_nr": "X", "bezeichnung": null, "tiefe": null, "laenge": null, "pendenzen": null, "bemerkung_zur_einrichtung": null, "hoehlenschutz": "" }, "geometry": { "type": "Point", "coordinates": [ 9.34186445115764, 47.166889953454707 ] } },
{ "type": "Feature", "properties": { "name": "Doline", "baron_nr": null, "ags_hoehlen_nr": "X", "bezeichnung": "Doline", "tiefe": null, "laenge": null, "pendenzen": null, "bemerkung_zur_einrichtung": null, "hoehlenschutz": "" }, "geometry": { "type": "Point", "coordinates": [ 9.342170220691074, 47.167135263847719 ] } },
{ "type": "Feature", "properties": { "name": "Dolinchen", "baron_nr": null, "ags_hoehlen_nr": "X", "bezeichnung": "Dolinchen", "tiefe": null, "laenge": null, "pendenzen": null, "bemerkung_zur_einrichtung": null, "hoehlenschutz": "" }, "geometry": { "type": "Point", "coordinates": [ 9.342411218753899, 47.167137630007637 ] } },
{ "type": "Feature", "properties": { "name": "Dolinchen mit See", "baron_nr": null, "ags_hoehlen_nr": "X", "bezeichnung": "Dolinchen mit See", "tiefe": null, "laenge": null, "pendenzen": null, "bemerkung_zur_einrichtung": null, "hoehlenschutz": "" }, "geometry": { "type": "Point", "coordinates": [ 9.342599041630075, 47.167019856402632 ] } },
{ "type": "Feature", "properties": { "name": "Kleines Loch eng", "baron_nr": null, "ags_hoehlen_nr": null, "bezeichnung": "Kleines Loch eng", "tiefe": null, "laenge": null, "pendenzen": "Erde weggraben und allenfalls Bumbum", "bemerkung_zur_einrichtung": null, "hoehlenschutz": "" }, "geometry": { "type": "Point", "coordinates": [ 9.343134965672986, 47.167018927341509 ] } },
{ "type": "Feature", "properties": { "name": "Potential", "baron_nr": null, "ags_hoehlen_nr": null, "bezeichnung": "Potential", "tiefe": null, "laenge": null, "pendenzen": null, "bemerkung_zur_einrichtung": null, "hoehlenschutz": "" }, "geometry": { "type": "Point", "coordinates": [ 9.344691577953455, 47.166548514415524 ] } },
{ "type": "Feature", "properties": { "name": "Potential mit Graben?", "baron_nr": null, "ags_hoehlen_nr": null, "bezeichnung": "Potential mit Graben?", "tiefe": null, "laenge": null, "pendenzen": null, "bemerkung_zur_einrichtung": null, "hoehlenschutz": "" }, "geometry": { "type": "Point", "coordinates": [ 9.344467983779541, 47.166384626384065 ] } },
{ "type": "Feature", "properties": { "name": "Doline mit Schnee", "baron_nr": null, "ags_hoehlen_nr": null, "bezeichnung": "Doline mit Schnee", "tiefe": null, "laenge": null, "pendenzen": null, "bemerkung_zur_einrichtung": null, "hoehlenschutz": "" }, "geometry": { "type": "Point", "coordinates": [ 9.341530257673879, 47.165137031561599 ] } },
{ "type": "Feature", "properties": { "name": "Anschauen", "baron_nr": null, "ags_hoehlen_nr": null, "bezeichnung": "Anschauen", "tiefe": null, "laenge": null, "pendenzen": null, "bemerkung_zur_einrichtung": null, "hoehlenschutz": "" }, "geometry": { "type": "Point", "coordinates": [ 9.342221844614668, 47.165950010935852 ] } },
{ "type": "Feature", "properties": { "name": "", "baron_nr": null, "ags_hoehlen_nr": null, "bezeichnung": null, "tiefe": null, "laenge": null, "pendenzen": null, "bemerkung_zur_einrichtung": null, "hoehlenschutz": "" }, "geometry": { "type": "Point", "coordinates": [ 9.343613709493038, 47.162989488056724 ] } },
{ "type": "Feature", "properties": { "name": "keine Langwitischacht", "baron_nr": "keine", "ags_hoehlen_nr": "keine", "bezeichnung": "Langwitischacht", "tiefe": 0.0, "laenge": 0.0, "pendenzen": "NULL", "bemerkung_zur_einrichtung": "NULL", "hoehlenschutz": "NULL" }, "geometry": { "type": "Point", "coordinates": [ 9.350912624025325, 47.167994711802599 ] } },
{ "type": "Feature", "properties": { "name": "", "baron_nr": null, "ags_hoehlen_nr": "W19", "bezeichnung": "", "tiefe": null, "laenge": null, "pendenzen": null, "bemerkung_zur_einrichtung": null, "hoehlenschutz": "" }, "geometry": { "type": "Point", "coordinates": [ 9.34460440760831, 47.16868425838787 ] } },
{ "type": "Feature", "properties": { "name": "X Abfall drin", "baron_nr": null, "ags_hoehlen_nr": "X", "bezeichnung": "X Abfall drin", "tiefe": null, "laenge": null, "pendenzen": null, "bemerkung_zur_einrichtung": null, "hoehlenschutz": "" }, "geometry": { "type": "Point", "coordinates": [ 9.343641442161253, 47.168179632665449 ] } },
{ "type": "Feature", "properties": { "name": "Tiefes Loch", "baron_nr": null, "ags_hoehlen_nr": "W27", "bezeichnung": "Tiefes Loch", "tiefe": null, "laenge": null, "pendenzen": null, "bemerkung_zur_einrichtung": null, "hoehlenschutz": "" }, "geometry": { "type": "Point", "coordinates": [ 9.344414374799774, 47.16787560362453 ] } },
{ "type": "Feature", "properties": { "name": "Anschauen", "baron_nr": null, "ags_hoehlen_nr": null, "bezeichnung": "Anschauen", "tiefe": null, "laenge": null, "pendenzen": null, "bemerkung_zur_einrichtung": null, "hoehlenschutz": "" }, "geometry": { "type": "Point", "coordinates": [ 9.344405708899142, 47.167796157404588 ] } },
{ "type": "Feature", "properties": { "name": "X", "baron_nr": null, "ags_hoehlen_nr": null, "bezeichnung": "X", "tiefe": null, "laenge": null, "pendenzen": null, "bemerkung_zur_einrichtung": null, "hoehlenschutz": "" }, "geometry": { "type": "Point", "coordinates": [ 9.343065296027353, 47.167647473314318 ] } },
{ "type": "Feature", "properties": { "name": "Ponor", "baron_nr": null, "ags_hoehlen_nr": "X", "bezeichnung": "Ponor", "tiefe": null, "laenge": null, "pendenzen": null, "bemerkung_zur_einrichtung": null, "hoehlenschutz": "" }, "geometry": { "type": "Point", "coordinates": [ 9.342786123904888, 47.167805615576079 ] } },
{ "type": "Feature", "properties": { "name": "X", "baron_nr": null, "ags_hoehlen_nr": null, "bezeichnung": "X", "tiefe": null, "laenge": null, "pendenzen": null, "bemerkung_zur_einrichtung": null, "hoehlenschutz": "" }, "geometry": { "type": "Point", "coordinates": [ 9.342859684150987, 47.167906930656677 ] } },
{ "type": "Feature", "properties": { "name": "Höhle zum gespaltenen Stein", "baron_nr": null, "ags_hoehlen_nr": "W16", "bezeichnung": "Höhle zum gespaltenen Stein", "tiefe": null, "laenge": null, "pendenzen": null, "bemerkung_zur_einrichtung": null, "hoehlenschutz": "" }, "geometry": { "type": "Point", "coordinates": [ 9.341890009067194, 47.167864010017084 ] } },
{ "type": "Feature", "properties": { "name": "", "baron_nr": null, "ags_hoehlen_nr": "W22", "bezeichnung": null, "tiefe": null, "laenge": null, "pendenzen": null, "bemerkung_zur_einrichtung": null, "hoehlenschutz": "" }, "geometry": { "type": "Point", "coordinates": [ 9.341719168963103, 47.16822083436481 ] } },
{ "type": "Feature", "properties": { "name": "SG 30/213 Schacht", "baron_nr": "SG 30/213", "ags_hoehlen_nr": "W8", "bezeichnung": "Schacht", "tiefe": -8.0, "laenge": 11.0, "pendenzen": "NULL", "bemerkung_zur_einrichtung": "NULL", "hoehlenschutz": "NULL" }, "geometry": { "type": "Point", "coordinates": [ 9.342509100951885, 47.169123846172788 ] } },
{ "type": "Feature", "properties": { "name": "SG 30/214 Doppelschacht", "baron_nr": "SG 30/214", "ags_hoehlen_nr": "W9", "bezeichnung": "Doppelschacht", "tiefe": -9.0, "laenge": 29.0, "pendenzen": null, "bemerkung_zur_einrichtung": "NULL", "hoehlenschutz": "NULL" }, "geometry": { "type": "Point", "coordinates": [ 9.342236999631458, 47.169263311214387 ] } },
{ "type": "Feature", "properties": { "name": "This Isler Loch", "baron_nr": null, "ags_hoehlen_nr": "X", "bezeichnung": "This Isler Loch", "tiefe": null, "laenge": null, "pendenzen": null, "bemerkung_zur_einrichtung": null, "hoehlenschutz": "" }, "geometry": { "type": "Point", "coordinates": [ 9.341628401804872, 47.168920097559003 ] } },
{ "type": "Feature", "properties": { "name": "SG 30/204 Schacht südlich W1", "baron_nr": "SG 30/204", "ags_hoehlen_nr": "W2", "bezeichnung": "Schacht südlich W1", "tiefe": -8.0, "laenge": 8.0, "pendenzen": "NULL", "bemerkung_zur_einrichtung": "NULL", "hoehlenschutz": "NULL" }, "geometry": { "type": "Point", "coordinates": [ 9.34179238514821, 47.170116425152408 ] } },
{ "type": "Feature", "properties": { "name": "SG 30/212 Erweiterte Karstspalte W6 (und W3a)", "baron_nr": "SG 30/212", "ags_hoehlen_nr": "W6", "bezeichnung": "Erweiterte Karstspalte W6 (und W3a)", "tiefe": -8.0, "laenge": 17.0, "pendenzen": "NULL", "bemerkung_zur_einrichtung": "NULL", "hoehlenschutz": "NULL" }, "geometry": { "type": "Point", "coordinates": [ 9.342843807255543, 47.169631157205835 ] } },
{ "type": "Feature", "properties": { "name": "keine NULL", "baron_nr": "keine", "ags_hoehlen_nr": "W7", "bezeichnung": "NULL", "tiefe": 0.0, "laenge": 0.0, "pendenzen": "NULL", "bemerkung_zur_einrichtung": "NULL", "hoehlenschutz": "NULL" }, "geometry": { "type": "Point", "coordinates": [ 9.342912938266862, 47.169719986676789 ] } },
{ "type": "Feature", "properties": { "name": "SG 30/215 Doppelschacht W10", "baron_nr": "SG 30/215", "ags_hoehlen_nr": "W10", "bezeichnung": "Doppelschacht W10", "tiefe": -9.0, "laenge": 22.0, "pendenzen": null, "bemerkung_zur_einrichtung": "NULL", "hoehlenschutz": "NULL" }, "geometry": { "type": "Point", "coordinates": [ 9.3431724363199, 47.169967617232956 ] } },
{ "type": "Feature", "properties": { "name": "SG 30/216 Schacht", "baron_nr": "SG 30/216", "ags_hoehlen_nr": "W11", "bezeichnung": "Schacht", "tiefe": -10.0, "laenge": 13.0, "pendenzen": null, "bemerkung_zur_einrichtung": "NULL", "hoehlenschutz": "NULL" }, "geometry": { "type": "Point", "coordinates": [ 9.343541964517359, 47.169970494943072 ] } },
{ "type": "Feature", "properties": { "name": "keine Höhle zum absteigenden Ast", "baron_nr": "keine", "ags_hoehlen_nr": "W14", "bezeichnung": "Höhle zum absteigenden Ast", "tiefe": 0.0, "laenge": 0.0, "pendenzen": null, "bemerkung_zur_einrichtung": null, "hoehlenschutz": "" }, "geometry": { "type": "Point", "coordinates": [ 9.344303886936927, 47.169614318085017 ] } },
{ "type": "Feature", "properties": { "name": "SG 30/217 Schachthöhle mit Mäander", "baron_nr": "SG 30/217", "ags_hoehlen_nr": "W12", "bezeichnung": "Schachthöhle mit Mäander", "tiefe": -22.0, "laenge": 26.0, "pendenzen": null, "bemerkung_zur_einrichtung": "NULL", "hoehlenschutz": "NULL" }, "geometry": { "type": "Point", "coordinates": [ 9.34394661924958, 47.169477932097848 ] } },
{ "type": "Feature", "properties": { "name": "keine", "baron_nr": "keine", "ags_hoehlen_nr": "W5", "bezeichnung": null, "tiefe": 0.0, "laenge": 0.0, "pendenzen": null, "bemerkung_zur_einrichtung": null, "hoehlenschutz": "" }, "geometry": { "type": "Point", "coordinates": [ 9.343236502978034, 47.169543678215568 ] } },
{ "type": "Feature", "properties": { "name": "SG 30/211 Erweiterte Karstspalte (W6) und W3a", "baron_nr": "SG 30/211", "ags_hoehlen_nr": "W3a", "bezeichnung": "Erweiterte Karstspalte (W6) und W3a", "tiefe": -6.0, "laenge": 13.0, "pendenzen": "NULL", "bemerkung_zur_einrichtung": "NULL", "hoehlenschutz": "NULL" }, "geometry": { "type": "Point", "coordinates": [ 9.34299595529618, 47.169457687350167 ] } },
{ "type": "Feature", "properties": { "name": "SG 30/205 Doppelschacht", "baron_nr": "SG 30/205", "ags_hoehlen_nr": "W4", "bezeichnung": "Doppelschacht", "tiefe": -13.0, "laenge": 21.0, "pendenzen": "NULL", "bemerkung_zur_einrichtung": "NULL", "hoehlenschutz": "NULL" }, "geometry": { "type": "Point", "coordinates": [ 9.342964140999589, 47.169305258210699 ] } },
{ "type": "Feature", "properties": { "name": "SG 30/210 Doppelschacht", "baron_nr": "SG 30/210", "ags_hoehlen_nr": "W3", "bezeichnung": "Doppelschacht", "tiefe": -12.0, "laenge": 25.0, "pendenzen": "NULL", "bemerkung_zur_einrichtung": "NULL", "hoehlenschutz": "NULL" }, "geometry": { "type": "Point", "coordinates": [ 9.343096959879661, 47.169330051190002 ] } },
{ "type": "Feature", "properties": { "name": "keine NULL", "baron_nr": "keine", "ags_hoehlen_nr": "W13", "bezeichnung": "NULL", "tiefe": 0.0, "laenge": 0.0, "pendenzen": null, "bemerkung_zur_einrichtung": "NULL", "hoehlenschutz": "NULL" }, "geometry": { "type": "Point", "coordinates": [ 9.344930157629278, 47.168939784552386 ] } },
{ "type": "Feature", "properties": { "name": "keine", "baron_nr": "keine", "ags_hoehlen_nr": "W15", "bezeichnung": "", "tiefe": 0.0, "laenge": 0.0, "pendenzen": "NULL", "bemerkung_zur_einrichtung": "NULL", "hoehlenschutz": "NULL" }, "geometry": { "type": "Point", "coordinates": [ 9.345222763536595, 47.169113225547058 ] } },
{ "type": "Feature", "properties": { "name": "", "baron_nr": null, "ags_hoehlen_nr": "W20", "bezeichnung": null, "tiefe": null, "laenge": null, "pendenzen": null, "bemerkung_zur_einrichtung": null, "hoehlenschutz": "" }, "geometry": { "type": "Point", "coordinates": [ 9.344868575685588, 47.170173450617419 ] } },
{ "type": "Feature", "properties": { "name": "", "baron_nr": null, "ags_hoehlen_nr": "W24", "bezeichnung": null, "tiefe": null, "laenge": null, "pendenzen": null, "bemerkung_zur_einrichtung": null, "hoehlenschutz": "" }, "geometry": { "type": "Point", "coordinates": [ 9.345857664951666, 47.170095579426309 ] } },
{ "type": "Feature", "properties": { "name": "", "baron_nr": null, "ags_hoehlen_nr": "W21", "bezeichnung": null, "tiefe": null, "laenge": null, "pendenzen": null, "bemerkung_zur_einrichtung": null, "hoehlenschutz": "" }, "geometry": { "type": "Point", "coordinates": [ 9.344856787600161, 47.170278387802931 ] } },
{ "type": "Feature", "properties": { "name": "Horizontalhöhle", "baron_nr": null, "ags_hoehlen_nr": "W23", "bezeichnung": "Horizontalhöhle", "tiefe": null, "laenge": null, "pendenzen": null, "bemerkung_zur_einrichtung": null, "hoehlenschutz": "" }, "geometry": { "type": "Point", "coordinates": [ 9.345273760402318, 47.170578908930125 ] } },
{ "type": "Feature", "properties": { "name": "", "baron_nr": null, "ags_hoehlen_nr": "W25", "bezeichnung": null, "tiefe": null, "laenge": null, "pendenzen": null, "bemerkung_zur_einrichtung": null, "hoehlenschutz": "" }, "geometry": { "type": "Point", "coordinates": [ 9.345081480158502, 47.170673743488152 ] } },
{ "type": "Feature", "properties": { "name": "keine", "baron_nr": "keine", "ags_hoehlen_nr": "W18", "bezeichnung": "", "tiefe": 0.0, "laenge": 0.0, "pendenzen": "NULL", "bemerkung_zur_einrichtung": "NULL", "hoehlenschutz": "NULL" }, "geometry": { "type": "Point", "coordinates": [ 9.344420475188567, 47.170665073765434 ] } },
{ "type": "Feature", "properties": { "name": "keine", "baron_nr": "keine", "ags_hoehlen_nr": "W17", "bezeichnung": "", "tiefe": 0.0, "laenge": 0.0, "pendenzen": "NULL", "bemerkung_zur_einrichtung": "NULL", "hoehlenschutz": "NULL" }, "geometry": { "type": "Point", "coordinates": [ 9.344593173108622, 47.170698200007841 ] } },
{ "type": "Feature", "properties": { "name": "SG 30/203 Schacht Nähe W-weg", "baron_nr": "SG 30/203", "ags_hoehlen_nr": "W1", "bezeichnung": "Schacht Nähe W-weg", "tiefe": -12.0, "laenge": 22.0, "pendenzen": "NULL", "bemerkung_zur_einrichtung": "NULL", "hoehlenschutz": "NULL" }, "geometry": { "type": "Point", "coordinates": [ 9.341716148390022, 47.170198663242523 ] } },
{ "type": "Feature", "properties": { "name": "SG 30/135 Schachthöhle", "baron_nr": "SG 30/135", "ags_hoehlen_nr": "U2", "bezeichnung": "Schachthöhle", "tiefe": -23.0, "laenge": 28.0, "pendenzen": "NULL", "bemerkung_zur_einrichtung": "NULL", "hoehlenschutz": "NULL" }, "geometry": { "type": "Point", "coordinates": [ 9.340586151150893, 47.171072107898937 ] } },
{ "type": "Feature", "properties": { "name": "SG 30/113 Schacht", "baron_nr": "SG 30/113", "ags_hoehlen_nr": "U5", "bezeichnung": "Schacht", "tiefe": -9.0, "laenge": 12.0, "pendenzen": "NULL", "bemerkung_zur_einrichtung": "NULL", "hoehlenschutz": "NULL" }, "geometry": { "type": "Point", "coordinates": [ 9.340149965564613, 47.171421220997459 ] } },
{ "type": "Feature", "properties": { "name": "SG 30/196 Karstspalte", "baron_nr": "SG 30/196", "ags_hoehlen_nr": "U20", "bezeichnung": "Karstspalte", "tiefe": -10.0, "laenge": 38.0, "pendenzen": "NULL", "bemerkung_zur_einrichtung": "NULL", "hoehlenschutz": "NULL" }, "geometry": { "type": "Point", "coordinates": [ 9.341942737743832, 47.171004679853766 ] } },
{ "type": "Feature", "properties": { "name": "SG 30/181 Schacht", "baron_nr": "SG 30/181", "ags_hoehlen_nr": "U18", "bezeichnung": "Schacht", "tiefe": -10.0, "laenge": 11.0, "pendenzen": "NULL", "bemerkung_zur_einrichtung": "NULL", "hoehlenschutz": "NULL" }, "geometry": { "type": "Point", "coordinates": [ 9.341683286026621, 47.172241616551666 ] } },
{ "type": "Feature", "properties": { "name": "SG 30/187 Spalte", "baron_nr": "SG 30/187", "ags_hoehlen_nr": "U19", "bezeichnung": "Spalte", "tiefe": -13.0, "laenge": 15.0, "pendenzen": "NULL", "bemerkung_zur_einrichtung": "NULL", "hoehlenschutz": "NULL" }, "geometry": { "type": "Point", "coordinates": [ 9.341960270555614, 47.171868140040964 ] } },
{ "type": "Feature", "properties": { "name": "SG 30/167 Spalte", "baron_nr": "SG 30/167", "ags_hoehlen_nr": "U6", "bezeichnung": "Spalte", "tiefe": -12.0, "laenge": 16.0, "pendenzen": "NULL", "bemerkung_zur_einrichtung": "NULL", "hoehlenschutz": "NULL" }, "geometry": { "type": "Point", "coordinates": [ 9.340704996838022, 47.171816926404723 ] } },
{ "type": "Feature", "properties": { "name": "SG 30/112 Schacht", "baron_nr": "SG 30/112", "ags_hoehlen_nr": "U4", "bezeichnung": "Schacht", "tiefe": -31.0, "laenge": 40.0, "pendenzen": "NULL", "bemerkung_zur_einrichtung": "NULL", "hoehlenschutz": "NULL" }, "geometry": { "type": "Point", "coordinates": [ 9.34008363443178, 47.171782213342155 ] } },
{ "type": "Feature", "properties": { "name": "SG 30/06 Sprengloch N3", "baron_nr": "SG 30/06", "ags_hoehlen_nr": "U1", "bezeichnung": "Sprengloch N3", "tiefe": -36.0, "laenge": 75.0, "pendenzen": "NULL", "bemerkung_zur_einrichtung": "NULL", "hoehlenschutz": "NULL" }, "geometry": { "type": "Point", "coordinates": [ 9.340360869787755, 47.171786627205506 ] } },
{ "type": "Feature", "properties": { "name": "SG 30/176 Zweiloch", "baron_nr": "SG 30/176", "ags_hoehlen_nr": "U16", "bezeichnung": "Zweiloch", "tiefe": -12.0, "laenge": 23.0, "pendenzen": "NULL", "bemerkung_zur_einrichtung": "NULL", "hoehlenschutz": "NULL" }, "geometry": { "type": "Point", "coordinates": [ 9.340649936854119, 47.172123748338137 ] } },
{ "type": "Feature", "properties": { "name": "SG 30/174 Schacht", "baron_nr": "SG 30/174", "ags_hoehlen_nr": "U13", "bezeichnung": "Schacht", "tiefe": -12.0, "laenge": 17.0, "pendenzen": "NULL", "bemerkung_zur_einrichtung": "NULL", "hoehlenschutz": "NULL" }, "geometry": { "type": "Point", "coordinates": [ 9.34096609399162, 47.172109522341323 ] } },
{ "type": "Feature", "properties": { "name": "SG 30/195 Spachtelhöhle", "baron_nr": "SG 30/195", "ags_hoehlen_nr": "U15", "bezeichnung": "Spachtelhöhle", "tiefe": -16.0, "laenge": 26.0, "pendenzen": "NULL", "bemerkung_zur_einrichtung": "NULL", "hoehlenschutz": "NULL" }, "geometry": { "type": "Point", "coordinates": [ 9.34101468224455, 47.171991752574193 ] } },
{ "type": "Feature", "properties": { "name": "SG 30/175 Schachtruine", "baron_nr": "SG 30/175", "ags_hoehlen_nr": "U14", "bezeichnung": "Schachtruine", "tiefe": -6.0, "laenge": 7.0, "pendenzen": "NULL", "bemerkung_zur_einrichtung": "NULL", "hoehlenschutz": "NULL" }, "geometry": { "type": "Point", "coordinates": [ 9.340814251627807, 47.172291981503811 ] } },
{ "type": "Feature", "properties": { "name": "SG 30/180 Schacht Problemzone", "baron_nr": "SG 30/180", "ags_hoehlen_nr": "U17", "bezeichnung": "Schacht Problemzone", "tiefe": -15.0, "laenge": 32.0, "pendenzen": "NULL", "bemerkung_zur_einrichtung": "NULL", "hoehlenschutz": "NULL" }, "geometry": { "type": "Point", "coordinates": [ 9.341636618683424, 47.172413339210159 ] } },
{ "type": "Feature", "properties": { "name": "SG 30/192 Schacht", "baron_nr": "SG 30/192", "ags_hoehlen_nr": "U28", "bezeichnung": "Schacht", "tiefe": -8.0, "laenge": 21.0, "pendenzen": "NULL", "bemerkung_zur_einrichtung": "NULL", "hoehlenschutz": "NULL" }, "geometry": { "type": "Point", "coordinates": [ 9.342898630585946, 47.172653376743966 ] } },
{ "type": "Feature", "properties": { "name": "SG 30/190 Schächtli", "baron_nr": "SG 30/190", "ags_hoehlen_nr": "U26", "bezeichnung": "Schächtli", "tiefe": -7.0, "laenge": 7.0, "pendenzen": "NULL", "bemerkung_zur_einrichtung": "NULL", "hoehlenschutz": "NULL" }, "geometry": { "type": "Point", "coordinates": [ 9.34370365741434, 47.17265804069541 ] } },
{ "type": "Feature", "properties": { "name": "SG 30/189 Schachthöhle", "baron_nr": "SG 30/189", "ags_hoehlen_nr": "U25", "bezeichnung": "Schachthöhle", "tiefe": -10.0, "laenge": 12.0, "pendenzen": "NULL", "bemerkung_zur_einrichtung": "NULL", "hoehlenschutz": "NULL" }, "geometry": { "type": "Point", "coordinates": [ 9.343853195136534, 47.172781527426011 ] } },
{ "type": "Feature", "properties": { "name": "SG 30/191 Schachthöhle", "baron_nr": "SG 30/191", "ags_hoehlen_nr": "U27", "bezeichnung": "Schachthöhle", "tiefe": -26.0, "laenge": 36.0, "pendenzen": "NULL", "bemerkung_zur_einrichtung": "NULL", "hoehlenschutz": "NULL" }, "geometry": { "type": "Point", "coordinates": [ 9.343065254405618, 47.172515657001775 ] } },
{ "type": "Feature", "properties": { "name": "SG 30/200 Schacht U23", "baron_nr": "SG 30/200", "ags_hoehlen_nr": "U23", "bezeichnung": "Schacht U23 ", "tiefe": 0.0, "laenge": 0.0, "pendenzen": "NULL", "bemerkung_zur_einrichtung": "NULL", "hoehlenschutz": "NULL" }, "geometry": { "type": "Point", "coordinates": [ 9.343478899835169, 47.17227487488838 ] } },
{ "type": "Feature", "properties": { "name": "SG 30/199 Schacht U21", "baron_nr": "SG 30/199", "ags_hoehlen_nr": "U21", "bezeichnung": "Schacht U21", "tiefe": -16.0, "laenge": 36.0, "pendenzen": "NULL", "bemerkung_zur_einrichtung": "NULL", "hoehlenschutz": "NULL" }, "geometry": { "type": "Point", "coordinates": [ 9.343556738171381, 47.172237596160407 ] } },
{ "type": "Feature", "properties": { "name": "SG 30/188 Schacht", "baron_nr": "SG 30/188", "ags_hoehlen_nr": "U24", "bezeichnung": "Schacht", "tiefe": -9.0, "laenge": 33.0, "pendenzen": "NULL", "bemerkung_zur_einrichtung": "NULL", "hoehlenschutz": "NULL" }, "geometry": { "type": "Point", "coordinates": [ 9.343774183281012, 47.172045049201742 ] } },
{ "type": "Feature", "properties": { "name": "SG 30/197 Doppelschacht", "baron_nr": "SG 30/197", "ags_hoehlen_nr": "U29", "bezeichnung": "Doppelschacht", "tiefe": -18.0, "laenge": 36.0, "pendenzen": "NULL", "bemerkung_zur_einrichtung": "NULL", "hoehlenschutz": "NULL" }, "geometry": { "type": "Point", "coordinates": [ 9.344698152274288, 47.172425626856381 ] } },
{ "type": "Feature", "properties": { "name": "", "baron_nr": null, "ags_hoehlen_nr": null, "bezeichnung": "", "tiefe": null, "laenge": null, "pendenzen": null, "bemerkung_zur_einrichtung": null, "hoehlenschutz": "" }, "geometry": { "type": "Point", "coordinates": [ 9.364005886440301, 47.166754953636485 ] } },
{ "type": "Feature", "properties": { "name": "SG 30/218 Räuberhöhle Grabserberg", "baron_nr": "SG 30/218", "ags_hoehlen_nr": "keine", "bezeichnung": "Räuberhöhle Grabserberg", "tiefe": 0.0, "laenge": 0.0, "pendenzen": "offen", "bemerkung_zur_einrichtung": "NULL", "hoehlenschutz": "NULL" }, "geometry": { "type": "Point", "coordinates": [ 9.365546688748537, 47.166354047975851 ] } },
{ "type": "Feature", "properties": { "name": "SG 30/97 Höhle südlich Gamserrugg", "baron_nr": "SG 30/97", "ags_hoehlen_nr": "U3", "bezeichnung": "Höhle südlich Gamserrugg", "tiefe": -22.0, "laenge": 32.0, "pendenzen": "NULL", "bemerkung_zur_einrichtung": "NULL", "hoehlenschutz": "NULL" }, "geometry": { "type": "Point", "coordinates": [ 9.332970882660685, 47.156478052630348 ] } },
{ "type": "Feature", "properties": { "name": "", "baron_nr": null, "ags_hoehlen_nr": null, "bezeichnung": null, "tiefe": null, "laenge": null, "pendenzen": null, "bemerkung_zur_einrichtung": null, "hoehlenschutz": "" }, "geometry": { "type": "Point", "coordinates": [ 9.339254056562861, 47.16085419085033 ] } },
{ "type": "Feature", "properties": { "name": "SG 30/67 Verstürzter Spalt", "baron_nr": "SG 30/67", "ags_hoehlen_nr": "O36", "bezeichnung": "Verstürzter Spalt", "tiefe": -3.2, "laenge": 3.2, "pendenzen": "NULL", "bemerkung_zur_einrichtung": "NULL", "hoehlenschutz": "NULL" }, "geometry": { "type": "Point", "coordinates": [ 9.330294001443606, 47.161722615909426 ] } },
{ "type": "Feature", "properties": { "name": "SG 30/66 Schacht mit Naturbrücke", "baron_nr": "SG 30/66", "ags_hoehlen_nr": "O35", "bezeichnung": "Schacht mit Naturbrücke", "tiefe": -7.1, "laenge": 11.2, "pendenzen": "NULL", "bemerkung_zur_einrichtung": "NULL", "hoehlenschutz": "NULL" }, "geometry": { "type": "Point", "coordinates": [ 9.329931674625815, 47.161548627767658 ] } },
{ "type": "Feature", "properties": { "name": "SG 30/74 Durchgangshöhle", "baron_nr": "SG 30/74", "ags_hoehlen_nr": "O58", "bezeichnung": "Durchgangshöhle", "tiefe": 0.0, "laenge": 8.7, "pendenzen": "NULL", "bemerkung_zur_einrichtung": "NULL", "hoehlenschutz": "NULL" }, "geometry": { "type": "Point", "coordinates": [ 9.330167226497027, 47.16112187621286 ] } },
{ "type": "Feature", "properties": { "name": "SG 30/65 Schacht", "baron_nr": "SG 30/65", "ags_hoehlen_nr": "O34", "bezeichnung": "Schacht", "tiefe": -9.8, "laenge": 15.4, "pendenzen": "NULL", "bemerkung_zur_einrichtung": "NULL", "hoehlenschutz": "NULL" }, "geometry": { "type": "Point", "coordinates": [ 9.329890683062246, 47.161135422081678 ] } },
{ "type": "Feature", "properties": { "name": "SG 30/168 Höhle", "baron_nr": "SG 30/168", "ags_hoehlen_nr": "T28", "bezeichnung": "Höhle", "tiefe": -12.0, "laenge": 13.0, "pendenzen": "NULL", "bemerkung_zur_einrichtung": "NULL", "hoehlenschutz": "NULL" }, "geometry": { "type": "Point", "coordinates": [ 9.328234918378115, 47.16056881414832 ] } },
{ "type": "Feature", "properties": { "name": "SG 30/172 kleiner Schacht", "baron_nr": "SG 30/172", "ags_hoehlen_nr": "T34", "bezeichnung": "kleiner Schacht", "tiefe": -5.5, "laenge": 12.0, "pendenzen": "NULL", "bemerkung_zur_einrichtung": "NULL", "hoehlenschutz": "NULL" }, "geometry": { "type": "Point", "coordinates": [ 9.326253263570285, 47.159737611411629 ] } },
{ "type": "Feature", "properties": { "name": "SG 30/170 Schacht", "baron_nr": "SG 30/170", "ags_hoehlen_nr": "T31", "bezeichnung": "Schacht", "tiefe": -20.5, "laenge": 34.0, "pendenzen": "NULL", "bemerkung_zur_einrichtung": "NULL", "hoehlenschutz": "NULL" }, "geometry": { "type": "Point", "coordinates": [ 9.327290019781437, 47.158838844410568 ] } },
{ "type": "Feature", "properties": { "name": "SG 30/183 \"Pausenschacht\"", "baron_nr": "SG 30/183", "ags_hoehlen_nr": "T30", "bezeichnung": "\"Pausenschacht\"", "tiefe": -23.4, "laenge": 24.7, "pendenzen": "NULL", "bemerkung_zur_einrichtung": "NULL", "hoehlenschutz": "NULL" }, "geometry": { "type": "Point", "coordinates": [ 9.327576574522547, 47.157988383054352 ] } },
{ "type": "Feature", "properties": { "name": "keine Nebeneingang von T1", "baron_nr": "keine", "ags_hoehlen_nr": "T1-E2", "bezeichnung": "Nebeneingang von T1", "tiefe": 0.0, "laenge": 0.0, "pendenzen": "NULL", "bemerkung_zur_einrichtung": "NULL", "hoehlenschutz": "NULL" }, "geometry": { "type": "Point", "coordinates": [ 9.328076904691617, 47.157215384658791 ] } },
{ "type": "Feature", "properties": { "name": "SG 30/104 Nebenschacht von T1", "baron_nr": "SG 30/104", "ags_hoehlen_nr": "T2", "bezeichnung": "Nebenschacht von T1", "tiefe": -13.4, "laenge": 16.9, "pendenzen": "NULL", "bemerkung_zur_einrichtung": "NULL", "hoehlenschutz": "NULL" }, "geometry": { "type": "Point", "coordinates": [ 9.328236052498406, 47.157239761634536 ] } },
{ "type": "Feature", "properties": { "name": "SG 30/103 Eishöhle beim Sattel", "baron_nr": "SG 30/103", "ags_hoehlen_nr": "T1", "bezeichnung": "Eishöhle beim Sattel", "tiefe": -66.0, "laenge": 132.0, "pendenzen": "NULL", "bemerkung_zur_einrichtung": "NULL", "hoehlenschutz": "NULL" }, "geometry": { "type": "Point", "coordinates": [ 9.327840564757041, 47.157246260090197 ] } },
{ "type": "Feature", "properties": { "name": "SG 30/194 Erdfall", "baron_nr": "SG 30/194", "ags_hoehlen_nr": "T33", "bezeichnung": "Erdfall", "tiefe": -4.8, "laenge": 5.1, "pendenzen": "NULL", "bemerkung_zur_einrichtung": "NULL", "hoehlenschutz": "NULL" }, "geometry": { "type": "Point", "coordinates": [ 9.32794619145897, 47.15687563154318 ] } },
{ "type": "Feature", "properties": { "name": "SG 30/105 Schacht neben WW", "baron_nr": "SG 30/105", "ags_hoehlen_nr": "T3", "bezeichnung": "Schacht neben WW", "tiefe": -25.5, "laenge": 49.7, "pendenzen": "NULL", "bemerkung_zur_einrichtung": "NULL", "hoehlenschutz": "NULL" }, "geometry": { "type": "Point", "coordinates": [ 9.327779095458711, 47.15737323347556 ] } },
{ "type": "Feature", "properties": { "name": "SG 30/120 Schächtlein", "baron_nr": "SG 30/120", "ags_hoehlen_nr": "T7", "bezeichnung": "Schächtlein", "tiefe": -6.0, "laenge": 13.6, "pendenzen": "NULL", "bemerkung_zur_einrichtung": "NULL", "hoehlenschutz": "NULL" }, "geometry": { "type": "Point", "coordinates": [ 9.327324525864249, 47.15720075299361 ] } },
{ "type": "Feature", "properties": { "name": "SG 30/147 Schacht", "baron_nr": "SG 30/147", "ags_hoehlen_nr": "T14", "bezeichnung": "Schacht", "tiefe": -13.3, "laenge": 15.1, "pendenzen": "NULL", "bemerkung_zur_einrichtung": "NULL", "hoehlenschutz": "NULL" }, "geometry": { "type": "Point", "coordinates": [ 9.326214797591497, 47.156778103264294 ] } },
{ "type": "Feature", "properties": { "name": "SG 30/177 Muusloch", "baron_nr": "SG 30/177", "ags_hoehlen_nr": "V1", "bezeichnung": "Muusloch", "tiefe": -24.0, "laenge": 41.0, "pendenzen": "NULL", "bemerkung_zur_einrichtung": "NULL", "hoehlenschutz": "NULL" }, "geometry": { "type": "Point", "coordinates": [ 9.331902761513819, 47.153877399139724 ] } },
{ "type": "Feature", "properties": { "name": "SG 30/178 Schafsgrab", "baron_nr": "SG 30/178", "ags_hoehlen_nr": "V2", "bezeichnung": "Schafsgrab", "tiefe": -14.0, "laenge": 27.0, "pendenzen": "NULL", "bemerkung_zur_einrichtung": "NULL", "hoehlenschutz": "NULL" }, "geometry": { "type": "Point", "coordinates": [ 9.334363866171225, 47.154097772863636 ] } },
{ "type": "Feature", "properties": { "name": "SG 30/156 Karstspalte, 4 Vertiefungen", "baron_nr": "SG 30/156", "ags_hoehlen_nr": "T17", "bezeichnung": "Karstspalte, 4 Vertiefungen", "tiefe": -5.7, "laenge": 15.7, "pendenzen": "NULL", "bemerkung_zur_einrichtung": "NULL", "hoehlenschutz": "NULL" }, "geometry": { "type": "Point", "coordinates": [ 9.322196225032146, 47.155782310327453 ] } },
{ "type": "Feature", "properties": { "name": "SG 30/165 Schacht", "baron_nr": "SG 30/165", "ags_hoehlen_nr": "T23", "bezeichnung": "Schacht", "tiefe": -12.0, "laenge": 13.0, "pendenzen": "NULL", "bemerkung_zur_einrichtung": "NULL", "hoehlenschutz": "NULL" }, "geometry": { "type": "Point", "coordinates": [ 9.321111455688925, 47.155692106411117 ] } },
{ "type": "Feature", "properties": { "name": "SG 30/148 Doppelschacht", "baron_nr": "SG 30/148", "ags_hoehlen_nr": "T16", "bezeichnung": "Doppelschacht", "tiefe": -7.2, "laenge": 14.6, "pendenzen": "NULL", "bemerkung_zur_einrichtung": "NULL", "hoehlenschutz": "NULL" }, "geometry": { "type": "Point", "coordinates": [ 9.322972533145744, 47.156102494009659 ] } },
{ "type": "Feature", "properties": { "name": "SG 30/193 Enger Schacht an Wand", "baron_nr": "SG 30/193", "ags_hoehlen_nr": "T13", "bezeichnung": "Enger Schacht an Wand", "tiefe": -23.0, "laenge": 28.0, "pendenzen": "NULL", "bemerkung_zur_einrichtung": "NULL", "hoehlenschutz": "NULL" }, "geometry": { "type": "Point", "coordinates": [ 9.325608070715344, 47.15677906416483 ] } },
{ "type": "Feature", "properties": { "name": "SG 30/124 Schachthöhle", "baron_nr": "SG 30/124", "ags_hoehlen_nr": "T15", "bezeichnung": "Schachthöhle", "tiefe": -12.0, "laenge": 17.5, "pendenzen": "NULL", "bemerkung_zur_einrichtung": "NULL", "hoehlenschutz": "NULL" }, "geometry": { "type": "Point", "coordinates": [ 9.325446071317472, 47.156673753909033 ] } },
{ "type": "Feature", "properties": { "name": "SG 30/123 Elliptischer Schacht", "baron_nr": "SG 30/123", "ags_hoehlen_nr": "T11", "bezeichnung": "Elliptischer Schacht", "tiefe": -15.0, "laenge": 15.0, "pendenzen": "NULL", "bemerkung_zur_einrichtung": "NULL", "hoehlenschutz": "NULL" }, "geometry": { "type": "Point", "coordinates": [ 9.325889350764676, 47.156900411293428 ] } },
{ "type": "Feature", "properties": { "name": "SG 30/122 Bruch mit Nische", "baron_nr": "SG 30/122", "ags_hoehlen_nr": "T10", "bezeichnung": "Bruch mit Nische", "tiefe": -7.0, "laenge": 18.5, "pendenzen": "NULL", "bemerkung_zur_einrichtung": "NULL", "hoehlenschutz": "NULL" }, "geometry": { "type": "Point", "coordinates": [ 9.326116948848744, 47.156995646783329 ] } },
{ "type": "Feature", "properties": { "name": "SG 30/121 Schacht", "baron_nr": "SG 30/121", "ags_hoehlen_nr": "T8", "bezeichnung": "Schacht", "tiefe": -10.8, "laenge": 11.0, "pendenzen": "NULL", "bemerkung_zur_einrichtung": "NULL", "hoehlenschutz": "NULL" }, "geometry": { "type": "Point", "coordinates": [ 9.325999077948364, 47.157393466559078 ] } },
{ "type": "Feature", "properties": { "name": "SG 30/145 Karstspalte + Schacht", "baron_nr": "SG 30/145", "ags_hoehlen_nr": "T9", "bezeichnung": "Karstspalte + Schacht", "tiefe": -18.0, "laenge": 21.2, "pendenzen": "NULL", "bemerkung_zur_einrichtung": "NULL", "hoehlenschutz": "NULL" }, "geometry": { "type": "Point", "coordinates": [ 9.325869151464614, 47.157449583373726 ] } },
{ "type": "Feature", "properties": { "name": "SG 30/157 kleiner Schacht", "baron_nr": "SG 30/157", "ags_hoehlen_nr": "T27", "bezeichnung": "kleiner Schacht", "tiefe": -7.1, "laenge": 10.4, "pendenzen": "NULL", "bemerkung_zur_einrichtung": "NULL", "hoehlenschutz": "NULL" }, "geometry": { "type": "Point", "coordinates": [ 9.322829343472526, 47.156905607228893 ] } },
{ "type": "Feature", "properties": { "name": "SG 30/149 Karstspalte", "baron_nr": "SG 30/149", "ags_hoehlen_nr": "T18", "bezeichnung": "Karstspalte", "tiefe": -7.2, "laenge": 7.2, "pendenzen": "NULL", "bemerkung_zur_einrichtung": "NULL", "hoehlenschutz": "NULL" }, "geometry": { "type": "Point", "coordinates": [ 9.322187588069832, 47.156286305004777 ] } },
{ "type": "Feature", "properties": { "name": "SG 30/150 Schacht im Bruch", "baron_nr": "SG 30/150", "ags_hoehlen_nr": "T19", "bezeichnung": "Schacht im Bruch", "tiefe": -5.7, "laenge": 6.9, "pendenzen": "NULL", "bemerkung_zur_einrichtung": "NULL", "hoehlenschutz": "NULL" }, "geometry": { "type": "Point", "coordinates": [ 9.322282399809316, 47.156356730891353 ] } },
{ "type": "Feature", "properties": { "name": "SG 30/151 Karstspalte mit Schacht", "baron_nr": "SG 30/151", "ags_hoehlen_nr": "T20", "bezeichnung": "Karstspalte mit Schacht", "tiefe": -12.0, "laenge": 13.5, "pendenzen": "NULL", "bemerkung_zur_einrichtung": "NULL", "hoehlenschutz": "NULL" }, "geometry": { "type": "Point", "coordinates": [ 9.322431525884467, 47.156471253777383 ] } },
{ "type": "Feature", "properties": { "name": "SG 30/159 2 Kleinschächte", "baron_nr": "SG 30/159", "ags_hoehlen_nr": "T21", "bezeichnung": "2 Kleinschächte", "tiefe": -12.4, "laenge": 22.2, "pendenzen": "NULL", "bemerkung_zur_einrichtung": "NULL", "hoehlenschutz": "NULL" }, "geometry": { "type": "Point", "coordinates": [ 9.321591834066597, 47.156224083420135 ] } },
{ "type": "Feature", "properties": { "name": "SG 30/160 \"Luftbildloch\"", "baron_nr": "SG 30/160", "ags_hoehlen_nr": "T22", "bezeichnung": "\"Luftbildloch\"", "tiefe": -139.0, "laenge": 394.0, "pendenzen": "NULL", "bemerkung_zur_einrichtung": "NULL", "hoehlenschutz": "NULL" }, "geometry": { "type": "Point", "coordinates": [ 9.322286656050951, 47.157976188897763 ] } },
{ "type": "Feature", "properties": { "name": "SG 30/162 \"Schnapsloch\"", "baron_nr": "SG 30/162", "ags_hoehlen_nr": "T25", "bezeichnung": "\"Schnapsloch\"", "tiefe": -172.0, "laenge": 306.0, "pendenzen": "NULL", "bemerkung_zur_einrichtung": "NULL", "hoehlenschutz": "NULL" }, "geometry": { "type": "Point", "coordinates": [ 9.324270591219674, 47.158501510018894 ] } },
{ "type": "Feature", "properties": { "name": "SG 30/146 Schacht", "baron_nr": "SG 30/146", "ags_hoehlen_nr": "T12", "bezeichnung": "Schacht", "tiefe": -12.0, "laenge": 13.5, "pendenzen": "NULL", "bemerkung_zur_einrichtung": "NULL", "hoehlenschutz": "NULL" }, "geometry": { "type": "Point", "coordinates": [ 9.325013341971552, 47.157868508426191 ] } },
{ "type": "Feature", "properties": { "name": "SG 30/107 Schacht", "baron_nr": "SG 30/107", "ags_hoehlen_nr": "T5", "bezeichnung": "Schacht", "tiefe": -12.7, "laenge": 21.5, "pendenzen": "NULL", "bemerkung_zur_einrichtung": "NULL", "hoehlenschutz": "NULL" }, "geometry": { "type": "Point", "coordinates": [ 9.324794248781105, 47.158762843121885 ] } },
{ "type": "Feature", "properties": { "name": "SG 30/109 Schachthöhle", "baron_nr": "SG 30/109", "ags_hoehlen_nr": "T6b", "bezeichnung": "Schachthöhle", "tiefe": -24.5, "laenge": 25.8, "pendenzen": "NULL", "bemerkung_zur_einrichtung": "NULL", "hoehlenschutz": "NULL" }, "geometry": { "type": "Point", "coordinates": [ 9.324705452769919, 47.158863270762872 ] } },
{ "type": "Feature", "properties": { "name": "SG 30/110 Schächtlein", "baron_nr": "SG 30/110", "ags_hoehlen_nr": "T6c", "bezeichnung": "Schächtlein", "tiefe": -4.5, "laenge": 5.3, "pendenzen": "NULL", "bemerkung_zur_einrichtung": "NULL", "hoehlenschutz": "NULL" }, "geometry": { "type": "Point", "coordinates": [ 9.324691635403321, 47.158845502635927 ] } },
{ "type": "Feature", "properties": { "name": "SG 30/108 Schacht", "baron_nr": "SG 30/108", "ags_hoehlen_nr": "T6a", "bezeichnung": "Schacht", "tiefe": -9.1, "laenge": 9.9, "pendenzen": "NULL", "bemerkung_zur_einrichtung": "NULL", "hoehlenschutz": "NULL" }, "geometry": { "type": "Point", "coordinates": [ 9.324745319805622, 47.158871614236581 ] } },
{ "type": "Feature", "properties": { "name": "SG 30/106 Durchgangshöhle am WW", "baron_nr": "SG 30/106", "ags_hoehlen_nr": "T4", "bezeichnung": "Durchgangshöhle am WW", "tiefe": -7.5, "laenge": 16.3, "pendenzen": "NULL", "bemerkung_zur_einrichtung": "NULL", "hoehlenschutz": "NULL" }, "geometry": { "type": "Point", "coordinates": [ 9.324960057938933, 47.158976060386841 ] } },
{ "type": "Feature", "properties": { "name": "SG 30/166 Doppelschacht", "baron_nr": "SG 30/166", "ags_hoehlen_nr": "T26", "bezeichnung": "Doppelschacht", "tiefe": -14.0, "laenge": 50.0, "pendenzen": "NULL", "bemerkung_zur_einrichtung": "NULL", "hoehlenschutz": "NULL" }, "geometry": { "type": "Point", "coordinates": [ 9.323700089432847, 47.159905457106348 ] } },
{ "type": "Feature", "properties": { "name": "SG 30/171 Höhle", "baron_nr": "SG 30/171", "ags_hoehlen_nr": "T32", "bezeichnung": "Höhle", "tiefe": -11.0, "laenge": 13.0, "pendenzen": "NULL", "bemerkung_zur_einrichtung": "NULL", "hoehlenschutz": "NULL" }, "geometry": { "type": "Point", "coordinates": [ 9.325289278770168, 47.159708444463519 ] } },
{ "type": "Feature", "properties": { "name": "SG 30/169 Drei Vertiefungen", "baron_nr": "SG 30/169", "ags_hoehlen_nr": "T29", "bezeichnung": "Drei Vertiefungen", "tiefe": -10.0, "laenge": 54.0, "pendenzen": "NULL", "bemerkung_zur_einrichtung": "NULL", "hoehlenschutz": "NULL" }, "geometry": { "type": "Point", "coordinates": [ 9.326023854931684, 47.160713093995135 ] } },
{ "type": "Feature", "properties": { "name": "SG 30/161 Schacht und Senke", "baron_nr": "SG 30/161", "ags_hoehlen_nr": "T24", "bezeichnung": "Schacht und Senke", "tiefe": -9.4, "laenge": 10.2, "pendenzen": "NULL", "bemerkung_zur_einrichtung": "NULL", "hoehlenschutz": "NULL" }, "geometry": { "type": "Point", "coordinates": [ 9.322251792617253, 47.159983174005099 ] } },
{ "type": "Feature", "properties": { "name": "SG 57/86 NULL", "baron_nr": "SG 57/86", "ags_hoehlen_nr": "R13", "bezeichnung": "NULL", "tiefe": -8.0, "laenge": 35.0, "pendenzen": "NULL", "bemerkung_zur_einrichtung": "NULL", "hoehlenschutz": "NULL" }, "geometry": { "type": "Point", "coordinates": [ 9.309339382720447, 47.161165669101862 ] } },
{ "type": "Feature", "properties": { "name": "SG 57/76 NULL", "baron_nr": "SG 57/76", "ags_hoehlen_nr": "R1", "bezeichnung": "NULL", "tiefe": -10.0, "laenge": 23.0, "pendenzen": "NULL", "bemerkung_zur_einrichtung": "NULL", "hoehlenschutz": "NULL" }, "geometry": { "type": "Point", "coordinates": [ 9.30587101372096, 47.17026433777324 ] } },
{ "type": "Feature", "properties": { "name": "SG 57/77 NULL", "baron_nr": "SG 57/77", "ags_hoehlen_nr": "R2", "bezeichnung": "NULL", "tiefe": -7.0, "laenge": 16.0, "pendenzen": "NULL", "bemerkung_zur_einrichtung": "NULL", "hoehlenschutz": "NULL" }, "geometry": { "type": "Point", "coordinates": [ 9.306111191294406, 47.168829866865906 ] } },
{ "type": "Feature", "properties": { "name": "SG 57/90 NULL", "baron_nr": "SG 57/90", "ags_hoehlen_nr": "RB", "bezeichnung": "NULL", "tiefe": -6.0, "laenge": 6.0, "pendenzen": "NULL", "bemerkung_zur_einrichtung": "NULL", "hoehlenschutz": "NULL" }, "geometry": { "type": "Point", "coordinates": [ 9.30464536321233, 47.168790677213707 ] } },
{ "type": "Feature", "properties": { "name": "SG 57/89 NULL", "baron_nr": "SG 57/89", "ags_hoehlen_nr": "RA", "bezeichnung": "NULL", "tiefe": -1.0, "laenge": 14.0, "pendenzen": "NULL", "bemerkung_zur_einrichtung": "NULL", "hoehlenschutz": "NULL" }, "geometry": { "type": "Point", "coordinates": [ 9.304514445593313, 47.168819793101761 ] } },
{ "type": "Feature", "properties": { "name": "SG 57/78 NULL", "baron_nr": "SG 57/78", "ags_hoehlen_nr": "R3", "bezeichnung": "NULL", "tiefe": -8.0, "laenge": 17.0, "pendenzen": "NULL", "bemerkung_zur_einrichtung": "NULL", "hoehlenschutz": "NULL" }, "geometry": { "type": "Point", "coordinates": [ 9.304101078613941, 47.166046331551627 ] } },
{ "type": "Feature", "properties": { "name": "SG 57/88 NULL", "baron_nr": "SG 57/88", "ags_hoehlen_nr": "R16", "bezeichnung": "NULL", "tiefe": -16.0, "laenge": 19.0, "pendenzen": "NULL", "bemerkung_zur_einrichtung": "NULL", "hoehlenschutz": "NULL" }, "geometry": { "type": "Point", "coordinates": [ 9.303562035210337, 47.166477947170591 ] } },
{ "type": "Feature", "properties": { "name": "SG 57/113 NULL", "baron_nr": "SG 57/113", "ags_hoehlen_nr": "R14", "bezeichnung": "NULL", "tiefe": -6.0, "laenge": 15.0, "pendenzen": "NULL", "bemerkung_zur_einrichtung": "NULL", "hoehlenschutz": "NULL" }, "geometry": { "type": "Point", "coordinates": [ 9.30391595178479, 47.163764017731452 ] } },
{ "type": "Feature", "properties": { "name": "SG 57/79 NULL", "baron_nr": "SG 57/79", "ags_hoehlen_nr": "R4", "bezeichnung": "NULL", "tiefe": -8.0, "laenge": 12.0, "pendenzen": "NULL", "bemerkung_zur_einrichtung": "NULL", "hoehlenschutz": "NULL" }, "geometry": { "type": "Point", "coordinates": [ 9.305439396282516, 47.164324123507839 ] } },
{ "type": "Feature", "properties": { "name": "SG 57/80 NULL", "baron_nr": "SG 57/80", "ags_hoehlen_nr": "R5", "bezeichnung": "NULL", "tiefe": -3.0, "laenge": 3.0, "pendenzen": "NULL", "bemerkung_zur_einrichtung": "NULL", "hoehlenschutz": "NULL" }, "geometry": { "type": "Point", "coordinates": [ 9.306424797122661, 47.163831265770781 ] } },
{ "type": "Feature", "properties": { "name": "SG 57/111 NULL", "baron_nr": "SG 57/111", "ags_hoehlen_nr": "R6", "bezeichnung": "NULL", "tiefe": -14.0, "laenge": 18.0, "pendenzen": "NULL", "bemerkung_zur_einrichtung": "NULL", "hoehlenschutz": "NULL" }, "geometry": { "type": "Point", "coordinates": [ 9.306491659553275, 47.163479284377004 ] } },
{ "type": "Feature", "properties": { "name": "SG 57/81 NULL", "baron_nr": "SG 57/81", "ags_hoehlen_nr": "R7", "bezeichnung": "NULL", "tiefe": -19.0, "laenge": 19.0, "pendenzen": "NULL", "bemerkung_zur_einrichtung": "NULL", "hoehlenschutz": "NULL" }, "geometry": { "type": "Point", "coordinates": [ 9.307019349064678, 47.163101822230701 ] } },
{ "type": "Feature", "properties": { "name": "SG 57/112 NULL", "baron_nr": "SG 57/112", "ags_hoehlen_nr": "R9", "bezeichnung": "NULL", "tiefe": -5.0, "laenge": 10.0, "pendenzen": "NULL", "bemerkung_zur_einrichtung": "NULL", "hoehlenschutz": "NULL" }, "geometry": { "type": "Point", "coordinates": [ 9.308418108843918, 47.161981414534601 ] } },
{ "type": "Feature", "properties": { "name": "SG 57/92 NULL", "baron_nr": "SG 57/92", "ags_hoehlen_nr": "RD", "bezeichnung": "NULL", "tiefe": -5.0, "laenge": 5.0, "pendenzen": "NULL", "bemerkung_zur_einrichtung": "NULL", "hoehlenschutz": "NULL" }, "geometry": { "type": "Point", "coordinates": [ 9.309210753025942, 47.162391398456194 ] } },
{ "type": "Feature", "properties": { "name": "SG 57/93 NULL", "baron_nr": "SG 57/93", "ags_hoehlen_nr": "RE", "bezeichnung": "NULL", "tiefe": -6.0, "laenge": 9.0, "pendenzen": "NULL", "bemerkung_zur_einrichtung": "NULL", "hoehlenschutz": "NULL" }, "geometry": { "type": "Point", "coordinates": [ 9.30858765212923, 47.162680449301369 ] } },
{ "type": "Feature", "properties": { "name": "SG 57/82 NULL", "baron_nr": "SG 57/82", "ags_hoehlen_nr": "R8", "bezeichnung": "NULL", "tiefe": -8.0, "laenge": 19.0, "pendenzen": "NULL", "bemerkung_zur_einrichtung": "NULL", "hoehlenschutz": "NULL" }, "geometry": { "type": "Point", "coordinates": [ 9.308054007239882, 47.162887066571962 ] } },
{ "type": "Feature", "properties": { "name": "SG 57/83 NULL", "baron_nr": "SG 57/83", "ags_hoehlen_nr": "R10", "bezeichnung": "NULL", "tiefe": -22.0, "laenge": 39.0, "pendenzen": "NULL", "bemerkung_zur_einrichtung": "NULL", "hoehlenschutz": "NULL" }, "geometry": { "type": "Point", "coordinates": [ 9.311522435469923, 47.165871729877644 ] } },
{ "type": "Feature", "properties": { "name": "SG 57/85 NULL", "baron_nr": "SG 57/85", "ags_hoehlen_nr": "R12", "bezeichnung": "NULL", "tiefe": -14.0, "laenge": 15.0, "pendenzen": "NULL", "bemerkung_zur_einrichtung": "NULL", "hoehlenschutz": "NULL" }, "geometry": { "type": "Point", "coordinates": [ 9.309937649798117, 47.165069773517331 ] } },
{ "type": "Feature", "properties": { "name": "SG 57/87 NULL", "baron_nr": "SG 57/87", "ags_hoehlen_nr": "R15", "bezeichnung": "NULL", "tiefe": -18.0, "laenge": 20.0, "pendenzen": "NULL", "bemerkung_zur_einrichtung": "NULL", "hoehlenschutz": "NULL" }, "geometry": { "type": "Point", "coordinates": [ 9.308825714176251, 47.164961898554864 ] } },
{ "type": "Feature", "properties": { "name": "SG 57/91 NULL", "baron_nr": "SG 57/91", "ags_hoehlen_nr": "RC", "bezeichnung": "NULL", "tiefe": -6.0, "laenge": 6.0, "pendenzen": "NULL", "bemerkung_zur_einrichtung": "NULL", "hoehlenschutz": "NULL" }, "geometry": { "type": "Point", "coordinates": [ 9.306931181226535, 47.165865431344422 ] } },
{ "type": "Feature", "properties": { "name": "SG 57/84 NULL", "baron_nr": "SG 57/84", "ags_hoehlen_nr": "R11", "bezeichnung": "NULL", "tiefe": -15.0, "laenge": 22.0, "pendenzen": "NULL", "bemerkung_zur_einrichtung": "NULL", "hoehlenschutz": "NULL" }, "geometry": { "type": "Point", "coordinates": [ 9.309128130306357, 47.166819425768743 ] } },
{ "type": "Feature", "properties": { "name": "SG 30/158 Dreifachschacht", "baron_nr": "SG 30/158", "ags_hoehlen_nr": "O100", "bezeichnung": "Dreifachschacht", "tiefe": -39.0, "laenge": 72.0, "pendenzen": "NULL", "bemerkung_zur_einrichtung": "NULL", "hoehlenschutz": "NULL" }, "geometry": { "type": "Point", "coordinates": [ 9.324227634439133, 47.163270822378699 ] } },
{ "type": "Feature", "properties": { "name": "SG 30/152 Horizontalhöhle", "baron_nr": "SG 30/152", "ags_hoehlen_nr": "O89", "bezeichnung": "Horizontalhöhle", "tiefe": -83.0, "laenge": 200.0, "pendenzen": "NULL", "bemerkung_zur_einrichtung": "NULL", "hoehlenschutz": "NULL" }, "geometry": { "type": "Point", "coordinates": [ 9.32522592702551, 47.166889385855924 ] } },
{ "type": "Feature", "properties": { "name": "SG 30/138 Doppel-Spalt", "baron_nr": "SG 30/138", "ags_hoehlen_nr": "O90A", "bezeichnung": "Doppel-Spalt", "tiefe": -8.7, "laenge": 18.8, "pendenzen": "NULL", "bemerkung_zur_einrichtung": "NULL", "hoehlenschutz": "NULL" }, "geometry": { "type": "Point", "coordinates": [ 9.324789358204173, 47.1672294488896 ] } },
{ "type": "Feature", "properties": { "name": "SG 30/140 Schächtli", "baron_nr": "SG 30/140", "ags_hoehlen_nr": "O90C", "bezeichnung": "Schächtli", "tiefe": -5.4, "laenge": 12.2, "pendenzen": "NULL", "bemerkung_zur_einrichtung": "NULL", "hoehlenschutz": "NULL" }, "geometry": { "type": "Point", "coordinates": [ 9.324939154179543, 47.167361952539004 ] } },
{ "type": "Feature", "properties": { "name": "SG 30/139 Schächtli", "baron_nr": "SG 30/139", "ags_hoehlen_nr": "O90B", "bezeichnung": "Schächtli", "tiefe": -9.0, "laenge": 21.6, "pendenzen": "NULL", "bemerkung_zur_einrichtung": "NULL", "hoehlenschutz": "NULL" }, "geometry": { "type": "Point", "coordinates": [ 9.324895475593527, 47.167245703224445 ] } },
{ "type": "Feature", "properties": { "name": "SG 30/142 Spalte", "baron_nr": "SG 30/142", "ags_hoehlen_nr": "O90E", "bezeichnung": "Spalte", "tiefe": -6.4, "laenge": 10.6, "pendenzen": "NULL", "bemerkung_zur_einrichtung": "NULL", "hoehlenschutz": "NULL" }, "geometry": { "type": "Point", "coordinates": [ 9.325236528249553, 47.167564014127286 ] } },
{ "type": "Feature", "properties": { "name": "SG 30/141 Spalte", "baron_nr": "SG 30/141", "ags_hoehlen_nr": "O90D", "bezeichnung": "Spalte", "tiefe": -5.3, "laenge": 6.7, "pendenzen": "NULL", "bemerkung_zur_einrichtung": "NULL", "hoehlenschutz": "NULL" }, "geometry": { "type": "Point", "coordinates": [ 9.325034623424518, 47.167450360284683 ] } },
{ "type": "Feature", "properties": { "name": "SG 30/155 grosses Schneeloch (D)", "baron_nr": "SG 30/155", "ags_hoehlen_nr": "O96", "bezeichnung": "grosses Schneeloch (D)", "tiefe": -21.6, "laenge": 32.4, "pendenzen": "NULL", "bemerkung_zur_einrichtung": "NULL", "hoehlenschutz": "NULL" }, "geometry": { "type": "Point", "coordinates": [ 9.323311763845341, 47.16760456903026 ] } },
{ "type": "Feature", "properties": { "name": "SG 30/154 Schacht neben Schneeloch (E)", "baron_nr": "SG 30/154", "ags_hoehlen_nr": "O95", "bezeichnung": "Schacht neben Schneeloch (E)", "tiefe": -15.8, "laenge": 26.0, "pendenzen": "NULL", "bemerkung_zur_einrichtung": "NULL", "hoehlenschutz": "NULL" }, "geometry": { "type": "Point", "coordinates": [ 9.323351003497633, 47.167594928640945 ] } },
{ "type": "Feature", "properties": { "name": "SG 30/153 Pomeranzenhöhle tiefer Schnee-Spalt", "baron_nr": "SG 30/153", "ags_hoehlen_nr": "O92", "bezeichnung": "Pomeranzenhöhle tiefer Schnee-Spalt", "tiefe": -369.0, "laenge": 1995.0, "pendenzen": "NULL", "bemerkung_zur_einrichtung": "NULL", "hoehlenschutz": "NULL" }, "geometry": { "type": "Point", "coordinates": [ 9.324663735683545, 47.16890501780086 ] } },
{ "type": "Feature", "properties": { "name": "SG 30/143 Schachthöhle (Teil von Pomeranzen-H.)", "baron_nr": "SG 30/143", "ags_hoehlen_nr": "O91", "bezeichnung": "Schachthöhle (Teil von Pomeranzen-H.)", "tiefe": -114.0, "laenge": 236.0, "pendenzen": "NULL", "bemerkung_zur_einrichtung": "NULL", "hoehlenschutz": "NULL" }, "geometry": { "type": "Point", "coordinates": [ 9.325209111347698, 47.169031033530331 ] } },
{ "type": "Feature", "properties": { "name": "SG 57/31 Eingang 2 Pomeranzenhöhle", "baron_nr": "SG 57/31", "ags_hoehlen_nr": "O92-E2", "bezeichnung": "Eingang 2 Pomeranzenhöhle", "tiefe": 0.0, "laenge": 0.0, "pendenzen": "NULL", "bemerkung_zur_einrichtung": "NULL", "hoehlenschutz": "NULL" }, "geometry": { "type": "Point", "coordinates": [ 9.325436759847689, 47.169126270082259 ] } },
{ "type": "Feature", "properties": { "name": "SG 57/123 Spalt", "baron_nr": "SG 57/123", "ags_hoehlen_nr": "O99", "bezeichnung": "Spalt", "tiefe": -10.0, "laenge": 26.0, "pendenzen": "NULL", "bemerkung_zur_einrichtung": "NULL", "hoehlenschutz": "NULL" }, "geometry": { "type": "Point", "coordinates": [ 9.324928485084916, 47.170052337631432 ] } },
{ "type": "Feature", "properties": { "name": "SG 57/121 Dampfloch", "baron_nr": "SG 57/121", "ags_hoehlen_nr": "O97", "bezeichnung": "Dampfloch", "tiefe": -61.0, "laenge": 106.0, "pendenzen": "NULL", "bemerkung_zur_einrichtung": "NULL", "hoehlenschutz": "NULL" }, "geometry": { "type": "Point", "coordinates": [ 9.324588052515367, 47.169752010322213 ] } },
{ "type": "Feature", "properties": { "name": "SG 57/122 enger Schacht im Graben", "baron_nr": "SG 57/122", "ags_hoehlen_nr": "O98", "bezeichnung": "enger Schacht im Graben", "tiefe": -8.4, "laenge": 8.4, "pendenzen": "NULL", "bemerkung_zur_einrichtung": "NULL", "hoehlenschutz": "NULL" }, "geometry": { "type": "Point", "coordinates": [ 9.324999806816352, 47.170204122939232 ] } },
{ "type": "Feature", "properties": { "name": "SG 57/115 Schächtli", "baron_nr": "SG 57/115", "ags_hoehlen_nr": "O94", "bezeichnung": "Schächtli", "tiefe": -10.0, "laenge": 10.0, "pendenzen": "NULL", "bemerkung_zur_einrichtung": "NULL", "hoehlenschutz": "NULL" }, "geometry": { "type": "Point", "coordinates": [ 9.323800176475409, 47.172104237939294 ] } },
{ "type": "Feature", "properties": { "name": "SG 57/120 Horizontalhöhle", "baron_nr": "SG 57/120", "ags_hoehlen_nr": "O93", "bezeichnung": "Horizontalhöhle", "tiefe": -17.0, "laenge": 77.0, "pendenzen": "NULL", "bemerkung_zur_einrichtung": "NULL", "hoehlenschutz": "NULL" }, "geometry": { "type": "Point", "coordinates": [ 9.323979209699035, 47.172317239791198 ] } },
{ "type": "Feature", "properties": { "name": "", "baron_nr": null, "ags_hoehlen_nr": null, "bezeichnung": null, "tiefe": null, "laenge": null, "pendenzen": null, "bemerkung_zur_einrichtung": null, "hoehlenschutz": "" }, "geometry": { "type": "Point", "coordinates": [ 9.320386809188633, 47.18542820986557 ] } },
{ "type": "Feature", "properties": { "name": "keine NULL", "baron_nr": "keine", "ags_hoehlen_nr": "Z8c", "bezeichnung": "NULL", "tiefe": -5.0, "laenge": 11.0, "pendenzen": "NULL", "bemerkung_zur_einrichtung": "NULL", "hoehlenschutz": "NULL" }, "geometry": { "type": "Point", "coordinates": [ 9.006085030541312, 47.049200499757518 ] } },
{ "type": "Feature", "properties": { "name": "keine Chilchli, Kapelle", "baron_nr": "keine", "ags_hoehlen_nr": "Z11", "bezeichnung": "Chilchli, Kapelle", "tiefe": -4.0, "laenge": 51.0, "pendenzen": "NULL", "bemerkung_zur_einrichtung": "NULL", "hoehlenschutz": "NULL" }, "geometry": { "type": "Point", "coordinates": [ 9.011122676439701, 47.055357376020204 ] } },
{ "type": "Feature", "properties": { "name": "keine Grotte", "baron_nr": "keine", "ags_hoehlen_nr": "Z11", "bezeichnung": "Grotte", "tiefe": 0.0, "laenge": 0.0, "pendenzen": "NULL", "bemerkung_zur_einrichtung": "NULL", "hoehlenschutz": "NULL" }, "geometry": { "type": "Point", "coordinates": [ 9.010545260784376, 47.05541926585515 ] } },
{ "type": "Feature", "properties": { "name": "keine Hürbiloch", "baron_nr": "keine", "ags_hoehlen_nr": "Z10", "bezeichnung": "Hürbiloch", "tiefe": -7.0, "laenge": 13.0, "pendenzen": "NULL", "bemerkung_zur_einrichtung": "NULL", "hoehlenschutz": "NULL" }, "geometry": { "type": "Point", "coordinates": [ 9.009508857279531, 47.055541416040974 ] } },
{ "type": "Feature", "properties": { "name": "keine Ponor", "baron_nr": "keine", "ags_hoehlen_nr": "Za", "bezeichnung": "Ponor", "tiefe": 0.0, "laenge": 2.0, "pendenzen": "NULL", "bemerkung_zur_einrichtung": "NULL", "hoehlenschutz": "NULL" }, "geometry": { "type": "Point", "coordinates": [ 9.007885287014496, 47.055392685260713 ] } },
{ "type": "Feature", "properties": { "name": "keine NULL", "baron_nr": "keine", "ags_hoehlen_nr": "Z9a", "bezeichnung": "NULL", "tiefe": -26.0, "laenge": 90.0, "pendenzen": "NULL", "bemerkung_zur_einrichtung": "NULL", "hoehlenschutz": "NULL" }, "geometry": { "type": "Point", "coordinates": [ 9.00655411753476, 47.055338902460683 ] } },
{ "type": "Feature", "properties": { "name": "keine NULL", "baron_nr": "keine", "ags_hoehlen_nr": "Z8a", "bezeichnung": "NULL", "tiefe": -14.0, "laenge": 43.0, "pendenzen": "NULL", "bemerkung_zur_einrichtung": "NULL", "hoehlenschutz": "NULL" }, "geometry": { "type": "Point", "coordinates": [ 9.00606696970733, 47.055336559087522 ] } },
{ "type": "Feature", "properties": { "name": "keine NULL", "baron_nr": "keine", "ags_hoehlen_nr": "Z9b", "bezeichnung": "NULL", "tiefe": 0.0, "laenge": 0.0, "pendenzen": "NULL", "bemerkung_zur_einrichtung": "NULL", "hoehlenschutz": "NULL" }, "geometry": { "type": "Point", "coordinates": [ 9.006341468869264, 47.055269832746973 ] } },
{ "type": "Feature", "properties": { "name": "keine Ponor", "baron_nr": "keine", "ags_hoehlen_nr": "Zb", "bezeichnung": "Ponor", "tiefe": -6.0, "laenge": 18.0, "pendenzen": "NULL", "bemerkung_zur_einrichtung": "NULL", "hoehlenschutz": "NULL" }, "geometry": { "type": "Point", "coordinates": [ 9.006208300771736, 47.05521767077898 ] } },
{ "type": "Feature", "properties": { "name": "keine NULL", "baron_nr": "keine", "ags_hoehlen_nr": "Z8b", "bezeichnung": "NULL", "tiefe": -14.0, "laenge": 43.0, "pendenzen": "NULL", "bemerkung_zur_einrichtung": "NULL", "hoehlenschutz": "NULL" }, "geometry": { "type": "Point", "coordinates": [ 9.006208300771736, 47.05521767077898 ] } },
{ "type": "Feature", "properties": { "name": "keine Leichenschacht", "baron_nr": "keine", "ags_hoehlen_nr": "Z7", "bezeichnung": "Leichenschacht", "tiefe": -10.5, "laenge": 10.6, "pendenzen": "NULL", "bemerkung_zur_einrichtung": "NULL", "hoehlenschutz": "NULL" }, "geometry": { "type": "Point", "coordinates": [ 9.005152950991961, 47.055142111019265 ] } },
{ "type": "Feature", "properties": { "name": "keine NULL", "baron_nr": "keine", "ags_hoehlen_nr": "Z4", "bezeichnung": "NULL", "tiefe": -88.0, "laenge": 340.0, "pendenzen": "NULL", "bemerkung_zur_einrichtung": "NULL", "hoehlenschutz": "NULL" }, "geometry": { "type": "Point", "coordinates": [ 9.003503578244814, 47.055461503331188 ] } },
{ "type": "Feature", "properties": { "name": "keine NULL", "baron_nr": "keine", "ags_hoehlen_nr": "Zc", "bezeichnung": "NULL", "tiefe": -3.0, "laenge": 6.0, "pendenzen": "NULL", "bemerkung_zur_einrichtung": "NULL", "hoehlenschutz": "NULL" }, "geometry": { "type": "Point", "coordinates": [ 9.003909146809189, 47.055375002301986 ] } },
{ "type": "Feature", "properties": { "name": "keine NULL", "baron_nr": "keine", "ags_hoehlen_nr": "Z5", "bezeichnung": "NULL", "tiefe": -32.0, "laenge": 131.0, "pendenzen": "NULL", "bemerkung_zur_einrichtung": "NULL", "hoehlenschutz": "NULL" }, "geometry": { "type": "Point", "coordinates": [ 9.004133376163807, 47.055389937843366 ] } },
{ "type": "Feature", "properties": { "name": "keine NULL", "baron_nr": "keine", "ags_hoehlen_nr": "Z6", "bezeichnung": "NULL", "tiefe": -16.0, "laenge": 35.0, "pendenzen": "NULL", "bemerkung_zur_einrichtung": "NULL", "hoehlenschutz": "NULL" }, "geometry": { "type": "Point", "coordinates": [ 9.004813706790792, 47.055245705100759 ] } },
{ "type": "Feature", "properties": { "name": "keine NULL", "baron_nr": "keine", "ags_hoehlen_nr": "Z2", "bezeichnung": "NULL", "tiefe": -70.0, "laenge": 189.0, "pendenzen": "NULL", "bemerkung_zur_einrichtung": "NULL", "hoehlenschutz": "NULL" }, "geometry": { "type": "Point", "coordinates": [ 9.002761683805273, 47.055300676660309 ] } },
{ "type": "Feature", "properties": { "name": "keine NULL", "baron_nr": "keine", "ags_hoehlen_nr": "Z1", "bezeichnung": "NULL", "tiefe": -9.0, "laenge": 34.0, "pendenzen": "NULL", "bemerkung_zur_einrichtung": "NULL", "hoehlenschutz": "NULL" }, "geometry": { "type": "Point", "coordinates": [ 9.001710532533082, 47.055368976504006 ] } },
{ "type": "Feature", "properties": { "name": "keine Töni-Loch", "baron_nr": "keine", "ags_hoehlen_nr": "Z3", "bezeichnung": "Töni-Loch", "tiefe": -77.0, "laenge": 95.0, "pendenzen": "NULL", "bemerkung_zur_einrichtung": "NULL", "hoehlenschutz": "NULL" }, "geometry": { "type": "Point", "coordinates": [ 9.002866208105955, 47.054822422913922 ] } },
{ "type": "Feature", "properties": { "name": "keine Gumenschacht", "baron_nr": "keine", "ags_hoehlen_nr": "keine", "bezeichnung": "Gumenschacht", "tiefe": -197.0, "laenge": 534.0, "pendenzen": "NULL", "bemerkung_zur_einrichtung": "NULL", "hoehlenschutz": "NULL" }, "geometry": { "type": "Point", "coordinates": [ 8.963393904683128, 47.052285684010087 ] } },
{ "type": "Feature", "properties": { "name": "keine Versickerungstrichter Altenberg am kl. Aubrig", "baron_nr": "keine", "ags_hoehlen_nr": "keine", "bezeichnung": "Versickerungstrichter Altenberg am kl. Aubrig", "tiefe": -5.8, "laenge": 6.1, "pendenzen": "NULL", "bemerkung_zur_einrichtung": "NULL", "hoehlenschutz": "NULL" }, "geometry": { "type": "Point", "coordinates": [ 8.860812145980729, 47.106357557539326 ] } },
{ "type": "Feature", "properties": { "name": "ZH 92/1 Monmilchgubel (Brandenfels) untere Höhle", "baron_nr": "ZH 92/1", "ags_hoehlen_nr": "keine", "bezeichnung": "Monmilchgubel (Brandenfels) untere Höhle", "tiefe": 0.0, "laenge": 0.0, "pendenzen": "NULL", "bemerkung_zur_einrichtung": "NULL", "hoehlenschutz": "NULL" }, "geometry": { "type": "Point", "coordinates": [ 8.950407063750557, 47.30699049248436 ] } },
{ "type": "Feature", "properties": { "name": "ZH 92/7 Monmilchgubel (Brandenfels) obere Höhle", "baron_nr": "ZH 92/7", "ags_hoehlen_nr": "keine", "bezeichnung": "Monmilchgubel (Brandenfels) obere Höhle", "tiefe": 0.0, "laenge": 0.0, "pendenzen": "NULL", "bemerkung_zur_einrichtung": "NULL", "hoehlenschutz": "NULL" }, "geometry": { "type": "Point", "coordinates": [ 8.950393332840266, 47.306972680267236 ] } },
{ "type": "Feature", "properties": { "name": "keine Schwybachhöhle", "baron_nr": "keine", "ags_hoehlen_nr": "keine", "bezeichnung": "Schwybachhöhle", "tiefe": 0.0, "laenge": 287.0, "pendenzen": "NULL", "bemerkung_zur_einrichtung": "NULL", "hoehlenschutz": "NULL" }, "geometry": { "type": "Point", "coordinates": [ 9.541261900755792, 47.310382781302287 ] } },
{ "type": "Feature", "properties": { "name": "keine Oberlöcher 2", "baron_nr": "keine", "ags_hoehlen_nr": "keine", "bezeichnung": "Oberlöcher 2", "tiefe": -0.4, "laenge": 4.6, "pendenzen": "NULL", "bemerkung_zur_einrichtung": "NULL", "hoehlenschutz": "NULL" }, "geometry": { "type": "Point", "coordinates": [ 9.525239811168417, 47.31339109221237 ] } },
{ "type": "Feature", "properties": { "name": "keine Oberlöcher 3", "baron_nr": "keine", "ags_hoehlen_nr": "keine", "bezeichnung": "Oberlöcher 3", "tiefe": -3.1, "laenge": 17.6, "pendenzen": "NULL", "bemerkung_zur_einrichtung": "NULL", "hoehlenschutz": "NULL" }, "geometry": { "type": "Point", "coordinates": [ 9.525174411273948, 47.313410270735723 ] } },
{ "type": "Feature", "properties": { "name": "keine Oberlöcher 1", "baron_nr": "keine", "ags_hoehlen_nr": "keine", "bezeichnung": "Oberlöcher 1", "tiefe": -3.5, "laenge": 20.0, "pendenzen": "NULL", "bemerkung_zur_einrichtung": "NULL", "hoehlenschutz": "NULL" }, "geometry": { "type": "Point", "coordinates": [ 9.525371314353432, 47.313370717501485 ] } },
{ "type": "Feature", "properties": { "name": "keine Kristallhöhle", "baron_nr": "keine", "ags_hoehlen_nr": "keine", "bezeichnung": "Kristallhöhle", "tiefe": -8.0, "laenge": 595.0, "pendenzen": "NULL", "bemerkung_zur_einrichtung": "NULL", "hoehlenschutz": "NULL" }, "geometry": { "type": "Point", "coordinates": [ 9.534274851198175, 47.322791708097938 ] } },
{ "type": "Feature", "properties": { "name": "keine Alter Stollen bei Ramsen", "baron_nr": "keine", "ags_hoehlen_nr": "keine", "bezeichnung": "Alter Stollen bei Ramsen", "tiefe": 0.0, "laenge": 0.0, "pendenzen": "NULL", "bemerkung_zur_einrichtung": "NULL", "hoehlenschutz": "SH" }, "geometry": { "type": "Point", "coordinates": [ 8.802700137372158, 47.702182447607967 ] } },
{ "type": "Feature", "properties": { "name": "keine Auenofenloch", "baron_nr": "keine", "ags_hoehlen_nr": "keine", "bezeichnung": "Auenofenloch", "tiefe": 0.0, "laenge": 0.0, "pendenzen": "NULL", "bemerkung_zur_einrichtung": "NULL", "hoehlenschutz": "SH" }, "geometry": { "type": "Point", "coordinates": [ 8.728383409243845, 47.748299338550339 ] } },
{ "type": "Feature", "properties": { "name": "keine Cherzenstübli Höhlen", "baron_nr": "keine", "ags_hoehlen_nr": "keine", "bezeichnung": "Cherzenstübli Höhlen", "tiefe": 0.0, "laenge": 0.0, "pendenzen": "NULL", "bemerkung_zur_einrichtung": "NULL", "hoehlenschutz": "SH" }, "geometry": { "type": "Point", "coordinates": [ 8.686089518459656, 47.75710738094326 ] } },
{ "type": "Feature", "properties": { "name": "keine Höhle im Langlochtobel", "baron_nr": "keine", "ags_hoehlen_nr": "keine", "bezeichnung": "Höhle im Langlochtobel", "tiefe": 0.0, "laenge": 0.0, "pendenzen": "NULL", "bemerkung_zur_einrichtung": "NULL", "hoehlenschutz": "SH" }, "geometry": { "type": "Point", "coordinates": [ 8.684139782185524, 47.74737861547014 ] } },
{ "type": "Feature", "properties": { "name": "keine Neue Höhle", "baron_nr": "keine", "ags_hoehlen_nr": "keine", "bezeichnung": "Neue Höhle", "tiefe": 0.0, "laenge": 0.0, "pendenzen": "NULL", "bemerkung_zur_einrichtung": "NULL", "hoehlenschutz": "SH" }, "geometry": { "type": "Point", "coordinates": [ 8.692854194165301, 47.745953793328745 ] } },
{ "type": "Feature", "properties": { "name": "keine Kesslerloch", "baron_nr": "keine", "ags_hoehlen_nr": "keine", "bezeichnung": "Kesslerloch", "tiefe": 0.0, "laenge": 0.0, "pendenzen": "NULL", "bemerkung_zur_einrichtung": "NULL", "hoehlenschutz": "SH" }, "geometry": { "type": "Point", "coordinates": [ 8.693852908133165, 47.745331405667933 ] } },
{ "type": "Feature", "properties": { "name": "keine Höhle bei Wippel", "baron_nr": "keine", "ags_hoehlen_nr": "keine", "bezeichnung": "Höhle bei Wippel", "tiefe": 0.0, "laenge": 0.0, "pendenzen": "NULL", "bemerkung_zur_einrichtung": "NULL", "hoehlenschutz": "SH" }, "geometry": { "type": "Point", "coordinates": [ 8.689017832459005, 47.744439119899248 ] } },
{ "type": "Feature", "properties": { "name": "keine Höhle vorder Eichen", "baron_nr": "keine", "ags_hoehlen_nr": "keine", "bezeichnung": "Höhle vorder Eichen", "tiefe": 0.0, "laenge": 0.0, "pendenzen": "NULL", "bemerkung_zur_einrichtung": "NULL", "hoehlenschutz": "SH" }, "geometry": { "type": "Point", "coordinates": [ 8.68964741665169, 47.741176440568488 ] } },
{ "type": "Feature", "properties": { "name": "keine Höhle Finsterwald", "baron_nr": "keine", "ags_hoehlen_nr": "keine", "bezeichnung": "Höhle Finsterwald", "tiefe": 0.0, "laenge": 0.0, "pendenzen": "NULL", "bemerkung_zur_einrichtung": "NULL", "hoehlenschutz": "SH" }, "geometry": { "type": "Point", "coordinates": [ 8.694286980872862, 47.744517242470181 ] } },
{ "type": "Feature", "properties": { "name": "keine Untere Bsetzi", "baron_nr": "keine", "ags_hoehlen_nr": "keine", "bezeichnung": "Untere Bsetzi", "tiefe": 0.0, "laenge": 0.0, "pendenzen": "NULL", "bemerkung_zur_einrichtung": "NULL", "hoehlenschutz": "SH" }, "geometry": { "type": "Point", "coordinates": [ 8.687028919778136, 47.73531337588657 ] } },
{ "type": "Feature", "properties": { "name": "keine Morgechuchi oder Mooggechuchi", "baron_nr": "keine", "ags_hoehlen_nr": "keine", "bezeichnung": "Morgechuchi oder Mooggechuchi", "tiefe": 0.0, "laenge": 0.0, "pendenzen": "NULL", "bemerkung_zur_einrichtung": "NULL", "hoehlenschutz": "SH" }, "geometry": { "type": "Point", "coordinates": [ 8.863907638745948, 47.667321562420554 ] } },
{ "type": "Feature", "properties": { "name": "keine Halbhöhle Feusi", "baron_nr": "keine", "ags_hoehlen_nr": "keine", "bezeichnung": "Halbhöhle Feusi", "tiefe": 0.0, "laenge": 0.0, "pendenzen": "NULL", "bemerkung_zur_einrichtung": "NULL", "hoehlenschutz": "NULL" }, "geometry": { "type": "Point", "coordinates": [ 8.406711658718161, 47.50899592089651 ] } },
{ "type": "Feature", "properties": { "name": "keine Höhle unterhalb Kirche Rüedlingen-Buchberg", "baron_nr": "keine", "ags_hoehlen_nr": "keine", "bezeichnung": "Höhle unterhalb Kirche Rüedlingen-Buchberg", "tiefe": 0.0, "laenge": 0.0, "pendenzen": "NULL", "bemerkung_zur_einrichtung": "NULL", "hoehlenschutz": "SH" }, "geometry": { "type": "Point", "coordinates": [ 8.568053594026093, 47.572376773257609 ] } },
{ "type": "Feature", "properties": { "name": "keine Kohlestollen im Chärbis", "baron_nr": "keine", "ags_hoehlen_nr": "keine", "bezeichnung": "Kohlestollen im Chärbis", "tiefe": 0.0, "laenge": 0.0, "pendenzen": "NULL", "bemerkung_zur_einrichtung": "NULL", "hoehlenschutz": "SH" }, "geometry": { "type": "Point", "coordinates": [ 8.565788970690274, 47.569637516619103 ] } },
{ "type": "Feature", "properties": { "name": "keine Höhle beim Murkathof", "baron_nr": "keine", "ags_hoehlen_nr": "keine", "bezeichnung": "Höhle beim Murkathof", "tiefe": 0.0, "laenge": 0.0, "pendenzen": "NULL", "bemerkung_zur_einrichtung": "NULL", "hoehlenschutz": "SH" }, "geometry": { "type": "Point", "coordinates": [ 8.556024506463471, 47.553425075960675 ] } },
{ "type": "Feature", "properties": { "name": "Hoehle am Hebelstein", "baron_nr": null, "ags_hoehlen_nr": null, "bezeichnung": "Hoehle am Hebelstein", "tiefe": null, "laenge": null, "pendenzen": null, "bemerkung_zur_einrichtung": null, "hoehlenschutz": "" }, "geometry": { "type": "Point", "coordinates": [ 8.592042048057728, 47.557066398117499 ] } },
{ "type": "Feature", "properties": { "name": "keine Steimüriloch", "baron_nr": "keine", "ags_hoehlen_nr": "keine", "bezeichnung": "Steimüriloch", "tiefe": 0.0, "laenge": 0.0, "pendenzen": "NULL", "bemerkung_zur_einrichtung": "NULL", "hoehlenschutz": "SH" }, "geometry": { "type": "Point", "coordinates": [ 8.499342382393799, 47.653127635601329 ] } },
{ "type": "Feature", "properties": { "name": "keine Quelle im Ernstel", "baron_nr": "keine", "ags_hoehlen_nr": "keine", "bezeichnung": "Quelle im Ernstel", "tiefe": 0.0, "laenge": 0.0, "pendenzen": "NULL", "bemerkung_zur_einrichtung": "NULL", "hoehlenschutz": "SH" }, "geometry": { "type": "Point", "coordinates": [ 8.516643339774014, 47.651628115459502 ] } },
{ "type": "Feature", "properties": { "name": "keine Staa-Rolli Höhle", "baron_nr": "keine", "ags_hoehlen_nr": "keine", "bezeichnung": "Staa-Rolli Höhle", "tiefe": 0.0, "laenge": 0.0, "pendenzen": "NULL", "bemerkung_zur_einrichtung": "NULL", "hoehlenschutz": "SH" }, "geometry": { "type": "Point", "coordinates": [ 8.513021406114548, 47.664037754344633 ] } },
{ "type": "Feature", "properties": { "name": "keine Winteriloch", "baron_nr": "keine", "ags_hoehlen_nr": "keine", "bezeichnung": "Winteriloch", "tiefe": 0.0, "laenge": 0.0, "pendenzen": "NULL", "bemerkung_zur_einrichtung": "NULL", "hoehlenschutz": "SH" }, "geometry": { "type": "Point", "coordinates": [ 8.476501909475383, 47.663416556045647 ] } },
{ "type": "Feature", "properties": { "name": "keine Höhle bei Haslach", "baron_nr": "keine", "ags_hoehlen_nr": "keine", "bezeichnung": "Höhle bei Haslach", "tiefe": 0.0, "laenge": 0.0, "pendenzen": "NULL", "bemerkung_zur_einrichtung": "NULL", "hoehlenschutz": "SH" }, "geometry": { "type": "Point", "coordinates": [ 8.473091685944409, 47.674914505084523 ] } },
{ "type": "Feature", "properties": { "name": "keine Erdloch", "baron_nr": "keine", "ags_hoehlen_nr": "keine", "bezeichnung": "Erdloch", "tiefe": 0.0, "laenge": 0.0, "pendenzen": "NULL", "bemerkung_zur_einrichtung": "NULL", "hoehlenschutz": "SH" }, "geometry": { "type": "Point", "coordinates": [ 8.519641150071227, 47.664165184728127 ] } },
{ "type": "Feature", "properties": { "name": "keine Höhle bei Nohl", "baron_nr": "keine", "ags_hoehlen_nr": "keine", "bezeichnung": "Höhle bei Nohl", "tiefe": 0.0, "laenge": 0.0, "pendenzen": "NULL", "bemerkung_zur_einrichtung": "NULL", "hoehlenschutz": "SH" }, "geometry": { "type": "Point", "coordinates": [ 8.608062334876303, 47.673849741794164 ] } },
{ "type": "Feature", "properties": { "name": "keine Untere Höhle beim Schlösschen Wörth", "baron_nr": "keine", "ags_hoehlen_nr": "keine", "bezeichnung": "Untere Höhle beim Schlösschen Wörth", "tiefe": 0.0, "laenge": 0.0, "pendenzen": "NULL", "bemerkung_zur_einrichtung": "NULL", "hoehlenschutz": "SH" }, "geometry": { "type": "Point", "coordinates": [ 8.611183660982881, 47.677694770098064 ] } },
{ "type": "Feature", "properties": { "name": "keine Obere Höhle beim Schlösschen Wörth", "baron_nr": "keine", "ags_hoehlen_nr": "keine", "bezeichnung": "Obere Höhle beim Schlösschen Wörth", "tiefe": 0.0, "laenge": 0.0, "pendenzen": "NULL", "bemerkung_zur_einrichtung": "NULL", "hoehlenschutz": "SH" }, "geometry": { "type": "Point", "coordinates": [ 8.610767120690076, 47.677528081867365 ] } },
{ "type": "Feature", "properties": { "name": "keine Höhle oberhalb Rheinfall", "baron_nr": "keine", "ags_hoehlen_nr": "keine", "bezeichnung": "Höhle oberhalb Rheinfall", "tiefe": 0.0, "laenge": 0.0, "pendenzen": "NULL", "bemerkung_zur_einrichtung": "NULL", "hoehlenschutz": "SH" }, "geometry": { "type": "Point", "coordinates": [ 8.616854095706625, 47.678159059583912 ] } },
{ "type": "Feature", "properties": { "name": "keine Oberes Cholfirstloch", "baron_nr": "keine", "ags_hoehlen_nr": "keine", "bezeichnung": "Oberes Cholfirstloch", "tiefe": 0.0, "laenge": 0.0, "pendenzen": "NULL", "bemerkung_zur_einrichtung": "NULL", "hoehlenschutz": "SH" }, "geometry": { "type": "Point", "coordinates": [ 8.627202448890269, 47.69182389575186 ] } },
{ "type": "Feature", "properties": { "name": "keine Unteres Cholfirstloch", "baron_nr": "keine", "ags_hoehlen_nr": "keine", "bezeichnung": "Unteres Cholfirstloch", "tiefe": 0.0, "laenge": 0.0, "pendenzen": "NULL", "bemerkung_zur_einrichtung": "NULL", "hoehlenschutz": "SH" }, "geometry": { "type": "Point", "coordinates": [ 8.627163099037752, 47.691851281067848 ] } },
{ "type": "Feature", "properties": { "name": "keine Kleine Tüfelschuchi Höhle", "baron_nr": "keine", "ags_hoehlen_nr": "keine", "bezeichnung": "Kleine Tüfelschuchi Höhle", "tiefe": 0.0, "laenge": 0.0, "pendenzen": "NULL", "bemerkung_zur_einrichtung": "NULL", "hoehlenschutz": "SH" }, "geometry": { "type": "Point", "coordinates": [ 8.597178870225859, 47.699259555215647 ] } },
{ "type": "Feature", "properties": { "name": "keine Tüfelschuchi Höhle Beringen", "baron_nr": "keine", "ags_hoehlen_nr": "keine", "bezeichnung": "Tüfelschuchi Höhle Beringen", "tiefe": 0.0, "laenge": 0.0, "pendenzen": "NULL", "bemerkung_zur_einrichtung": "NULL", "hoehlenschutz": "SH" }, "geometry": { "type": "Point", "coordinates": [ 8.597503083011965, 47.699463180472293 ] } },
{ "type": "Feature", "properties": { "name": "keine Doline am Fischterwägli", "baron_nr": "keine", "ags_hoehlen_nr": "keine", "bezeichnung": "Doline am Fischterwägli", "tiefe": 0.0, "laenge": 0.0, "pendenzen": "NULL", "bemerkung_zur_einrichtung": "NULL", "hoehlenschutz": "SH" }, "geometry": { "type": "Point", "coordinates": [ 8.595686530224691, 47.701082254998852 ] } },
{ "type": "Feature", "properties": { "name": "keine Unteres Engiloch", "baron_nr": "keine", "ags_hoehlen_nr": "keine", "bezeichnung": "Unteres Engiloch", "tiefe": 0.0, "laenge": 0.0, "pendenzen": "NULL", "bemerkung_zur_einrichtung": "NULL", "hoehlenschutz": "SH" }, "geometry": { "type": "Point", "coordinates": [ 8.606675637599253, 47.691285516576421 ] } },
{ "type": "Feature", "properties": { "name": "keine Oberes  Engiloch", "baron_nr": "keine", "ags_hoehlen_nr": "keine", "bezeichnung": "Oberes  Engiloch", "tiefe": 0.0, "laenge": 0.0, "pendenzen": "NULL", "bemerkung_zur_einrichtung": "NULL", "hoehlenschutz": "SH" }, "geometry": { "type": "Point", "coordinates": [ 8.606756340522137, 47.691320682320438 ] } },
{ "type": "Feature", "properties": { "name": "keine Franzosenhöhle (Alter Stollen)", "baron_nr": "keine", "ags_hoehlen_nr": "keine", "bezeichnung": "Franzosenhöhle (Alter Stollen)", "tiefe": 0.0, "laenge": 0.0, "pendenzen": "NULL", "bemerkung_zur_einrichtung": "NULL", "hoehlenschutz": "SH" }, "geometry": { "type": "Point", "coordinates": [ 8.616540051059726, 47.695179337677629 ] } },
{ "type": "Feature", "properties": { "name": "keine Turbinenstollen", "baron_nr": "keine", "ags_hoehlen_nr": "keine", "bezeichnung": "Turbinenstollen", "tiefe": 0.0, "laenge": 0.0, "pendenzen": "NULL", "bemerkung_zur_einrichtung": "NULL", "hoehlenschutz": "SH" }, "geometry": { "type": "Point", "coordinates": [ 8.614598938044617, 47.692356831750999 ] } },
{ "type": "Feature", "properties": { "name": "keine Räuberhöhle", "baron_nr": "keine", "ags_hoehlen_nr": "keine", "bezeichnung": "Räuberhöhle", "tiefe": 0.0, "laenge": 0.0, "pendenzen": "NULL", "bemerkung_zur_einrichtung": "NULL", "hoehlenschutz": "SH" }, "geometry": { "type": "Point", "coordinates": [ 8.61720234064212, 47.693211884826027 ] } },
{ "type": "Feature", "properties": { "name": "keine Tüfelschuchi Höhle", "baron_nr": "keine", "ags_hoehlen_nr": "keine", "bezeichnung": "Tüfelschuchi Höhle", "tiefe": 0.0, "laenge": 0.0, "pendenzen": "NULL", "bemerkung_zur_einrichtung": "NULL", "hoehlenschutz": "SH" }, "geometry": { "type": "Point", "coordinates": [ 8.632877574767555, 47.72018740568452 ] } },
{ "type": "Feature", "properties": { "name": "keine Tüfelsstube Höhle", "baron_nr": "keine", "ags_hoehlen_nr": "keine", "bezeichnung": "Tüfelsstube Höhle", "tiefe": 0.0, "laenge": 0.0, "pendenzen": "NULL", "bemerkung_zur_einrichtung": "NULL", "hoehlenschutz": "SH" }, "geometry": { "type": "Point", "coordinates": [ 8.632931966858679, 47.720825433967839 ] } },
{ "type": "Feature", "properties": { "name": "keine Schweizersbild", "baron_nr": "keine", "ags_hoehlen_nr": "keine", "bezeichnung": "Schweizersbild", "tiefe": 0.0, "laenge": 0.0, "pendenzen": "NULL", "bemerkung_zur_einrichtung": "NULL", "hoehlenschutz": "SH" }, "geometry": { "type": "Point", "coordinates": [ 8.640000980580673, 47.723972524378631 ] } },
{ "type": "Feature", "properties": { "name": "keine Höhle am Hohberg 2", "baron_nr": "keine", "ags_hoehlen_nr": "keine", "bezeichnung": "Höhle am Hohberg 2", "tiefe": 0.0, "laenge": 0.0, "pendenzen": "NULL", "bemerkung_zur_einrichtung": "NULL", "hoehlenschutz": "SH" }, "geometry": { "type": "Point", "coordinates": [ 8.652140935045185, 47.723828430911531 ] } },
{ "type": "Feature", "properties": { "name": "keine Höhle am Hohberg 1", "baron_nr": "keine", "ags_hoehlen_nr": "keine", "bezeichnung": "Höhle am Hohberg 1", "tiefe": 0.0, "laenge": 0.0, "pendenzen": "NULL", "bemerkung_zur_einrichtung": "NULL", "hoehlenschutz": "SH" }, "geometry": { "type": "Point", "coordinates": [ 8.65225146297621, 47.7239981761617 ] } },
{ "type": "Feature", "properties": { "name": "keine Kriechhöhle Dachsenbühl", "baron_nr": "keine", "ags_hoehlen_nr": "keine", "bezeichnung": "Kriechhöhle Dachsenbühl", "tiefe": 0.0, "laenge": 0.0, "pendenzen": "NULL", "bemerkung_zur_einrichtung": "NULL", "hoehlenschutz": "SH" }, "geometry": { "type": "Point", "coordinates": [ 8.648188258031697, 47.722349606578447 ] } },
{ "type": "Feature", "properties": { "name": "keine Höhle am Dachsenbühl", "baron_nr": "keine", "ags_hoehlen_nr": "keine", "bezeichnung": "Höhle am Dachsenbühl", "tiefe": 0.0, "laenge": 0.0, "pendenzen": "NULL", "bemerkung_zur_einrichtung": "NULL", "hoehlenschutz": "SH" }, "geometry": { "type": "Point", "coordinates": [ 8.648197680453354, 47.722178618695381 ] } },
{ "type": "Feature", "properties": { "name": "keine Höhle im Loch", "baron_nr": "keine", "ags_hoehlen_nr": "keine", "bezeichnung": "Höhle im Loch", "tiefe": 0.0, "laenge": 0.0, "pendenzen": "NULL", "bemerkung_zur_einrichtung": "NULL", "hoehlenschutz": "SH" }, "geometry": { "type": "Point", "coordinates": [ 8.627940168120375, 47.712215172082772 ] } },
{ "type": "Feature", "properties": { "name": "keine Höhle gegenüber Schloss Herblingen", "baron_nr": "keine", "ags_hoehlen_nr": "keine", "bezeichnung": "Höhle gegenüber Schloss Herblingen", "tiefe": 0.0, "laenge": 0.0, "pendenzen": "NULL", "bemerkung_zur_einrichtung": "NULL", "hoehlenschutz": "SH" }, "geometry": { "type": "Point", "coordinates": [ 8.660148466827918, 47.73349432138378 ] } },
{ "type": "Feature", "properties": { "name": "keine Höhle im Gsang Nr.2", "baron_nr": "keine", "ags_hoehlen_nr": "keine", "bezeichnung": "Höhle im Gsang Nr.2", "tiefe": 0.0, "laenge": 0.0, "pendenzen": "NULL", "bemerkung_zur_einrichtung": "NULL", "hoehlenschutz": "SH" }, "geometry": { "type": "Point", "coordinates": [ 8.651437585953625, 47.724546320499826 ] } },
{ "type": "Feature", "properties": { "name": "keine Höhle im Gsang Nr.1", "baron_nr": "keine", "ags_hoehlen_nr": "keine", "bezeichnung": "Höhle im Gsang Nr.1", "tiefe": 0.0, "laenge": 0.0, "pendenzen": "NULL", "bemerkung_zur_einrichtung": "NULL", "hoehlenschutz": "SH" }, "geometry": { "type": "Point", "coordinates": [ 8.651531695912901, 47.724581315629671 ] } },
{ "type": "Feature", "properties": { "name": "keine Mäanderli beim Hohberg", "baron_nr": "keine", "ags_hoehlen_nr": "keine", "bezeichnung": "Mäanderli beim Hohberg", "tiefe": 0.0, "laenge": 0.0, "pendenzen": "NULL", "bemerkung_zur_einrichtung": "NULL", "hoehlenschutz": "SH" }, "geometry": { "type": "Point", "coordinates": [ 8.650970332920863, 47.724515216543537 ] } },
{ "type": "Feature", "properties": { "name": "keine Wundertüte beim Hohberg", "baron_nr": "keine", "ags_hoehlen_nr": "keine", "bezeichnung": "Wundertüte beim Hohberg", "tiefe": 0.0, "laenge": 0.0, "pendenzen": "NULL", "bemerkung_zur_einrichtung": "NULL", "hoehlenschutz": "SH" }, "geometry": { "type": "Point", "coordinates": [ 8.650826829543028, 47.724651625708354 ] } },
{ "type": "Feature", "properties": { "name": "keine Längenberger Höhle od. Siebenstöckige Höhle", "baron_nr": "keine", "ags_hoehlen_nr": "keine", "bezeichnung": "Längenberger Höhle od. Siebenstöckige Höhle", "tiefe": 0.0, "laenge": 0.0, "pendenzen": "NULL", "bemerkung_zur_einrichtung": "NULL", "hoehlenschutz": "SH" }, "geometry": { "type": "Point", "coordinates": [ 8.634008998285525, 47.726022010408066 ] } },
{ "type": "Feature", "properties": { "name": "keine Höhle beim Forsthaus Freudental", "baron_nr": "keine", "ags_hoehlen_nr": "keine", "bezeichnung": "Höhle beim Forsthaus Freudental", "tiefe": 0.0, "laenge": 0.0, "pendenzen": "NULL", "bemerkung_zur_einrichtung": "NULL", "hoehlenschutz": "SH" }, "geometry": { "type": "Point", "coordinates": [ 8.63959231692157, 47.728284973383964 ] } },
{ "type": "Feature", "properties": { "name": "keine Freudenthal", "baron_nr": "keine", "ags_hoehlen_nr": "keine", "bezeichnung": "Freudenthal", "tiefe": 0.0, "laenge": 0.0, "pendenzen": "NULL", "bemerkung_zur_einrichtung": "NULL", "hoehlenschutz": "SH" }, "geometry": { "type": "Point", "coordinates": [ 8.638311218672706, 47.729989108671653 ] } },
{ "type": "Feature", "properties": { "name": "keine Rosenhalde", "baron_nr": "keine", "ags_hoehlen_nr": "keine", "bezeichnung": "Rosenhalde", "tiefe": 0.0, "laenge": 0.0, "pendenzen": "NULL", "bemerkung_zur_einrichtung": "NULL", "hoehlenschutz": "SH" }, "geometry": { "type": "Point", "coordinates": [ 8.638260963736927, 47.73012453947765 ] } },
{ "type": "Feature", "properties": { "name": "keine Fuchsloch im Santenbüel Eingang2", "baron_nr": "keine", "ags_hoehlen_nr": "keine", "bezeichnung": "Fuchsloch im Santenbüel Eingang2", "tiefe": 0.0, "laenge": 0.0, "pendenzen": "NULL", "bemerkung_zur_einrichtung": "NULL", "hoehlenschutz": "SH" }, "geometry": { "type": "Point", "coordinates": [ 8.669363395485464, 47.741051178510617 ] } },
{ "type": "Feature", "properties": { "name": "keine Fuchsloch im Santenbüel Eingang1", "baron_nr": "keine", "ags_hoehlen_nr": "keine", "bezeichnung": "Fuchsloch im Santenbüel Eingang1", "tiefe": 0.0, "laenge": 0.0, "pendenzen": "NULL", "bemerkung_zur_einrichtung": "NULL", "hoehlenschutz": "SH" }, "geometry": { "type": "Point", "coordinates": [ 8.669338825361219, 47.741141380204688 ] } },
{ "type": "Feature", "properties": { "name": "keine Höhle im Fistertobel", "baron_nr": "keine", "ags_hoehlen_nr": "keine", "bezeichnung": "Höhle im Fistertobel", "tiefe": 0.0, "laenge": 0.0, "pendenzen": "NULL", "bemerkung_zur_einrichtung": "NULL", "hoehlenschutz": "SH" }, "geometry": { "type": "Point", "coordinates": [ 8.672352619219611, 47.741154403679396 ] } },
{ "type": "Feature", "properties": { "name": "keine Höhle westlich Lohn", "baron_nr": "keine", "ags_hoehlen_nr": "keine", "bezeichnung": "Höhle westlich Lohn", "tiefe": 0.0, "laenge": 0.0, "pendenzen": "NULL", "bemerkung_zur_einrichtung": "NULL", "hoehlenschutz": "SH" }, "geometry": { "type": "Point", "coordinates": [ 8.661132515767333, 47.755888389261273 ] } },
{ "type": "Feature", "properties": { "name": "keine Tüfelschuchi Höhle bei Opfertshofen", "baron_nr": "keine", "ags_hoehlen_nr": "keine", "bezeichnung": "Tüfelschuchi Höhle bei Opfertshofen", "tiefe": 0.0, "laenge": 0.0, "pendenzen": "NULL", "bemerkung_zur_einrichtung": "NULL", "hoehlenschutz": "SH" }, "geometry": { "type": "Point", "coordinates": [ 8.66800263468418, 47.76913621201944 ] } },
{ "type": "Feature", "properties": { "name": "keine Nasenlöchli", "baron_nr": "keine", "ags_hoehlen_nr": "keine", "bezeichnung": "Nasenlöchli", "tiefe": 0.0, "laenge": 0.0, "pendenzen": "NULL", "bemerkung_zur_einrichtung": "NULL", "hoehlenschutz": "SH" }, "geometry": { "type": "Point", "coordinates": [ 8.661185286062238, 47.758747956878253 ] } },
{ "type": "Feature", "properties": { "name": "keine Hohle Fluh Höhle", "baron_nr": "keine", "ags_hoehlen_nr": "keine", "bezeichnung": "Hohle Fluh Höhle", "tiefe": 0.0, "laenge": 0.0, "pendenzen": "NULL", "bemerkung_zur_einrichtung": "NULL", "hoehlenschutz": "SH" }, "geometry": { "type": "Point", "coordinates": [ 8.643918282729635, 47.758433528283838 ] } },
{ "type": "Feature", "properties": { "name": "keine Buechberg Höhle", "baron_nr": "keine", "ags_hoehlen_nr": "keine", "bezeichnung": "Buechberg Höhle", "tiefe": 0.0, "laenge": 0.0, "pendenzen": "NULL", "bemerkung_zur_einrichtung": "NULL", "hoehlenschutz": "SH" }, "geometry": { "type": "Point", "coordinates": [ 8.617340557136714, 47.732937818610139 ] } },
{ "type": "Feature", "properties": { "name": "keine Stollen in Schliff", "baron_nr": "keine", "ags_hoehlen_nr": "keine", "bezeichnung": "Stollen in Schliff", "tiefe": 0.0, "laenge": 0.0, "pendenzen": "NULL", "bemerkung_zur_einrichtung": "NULL", "hoehlenschutz": "SH" }, "geometry": { "type": "Point", "coordinates": [ 8.530388703725528, 47.7405593439046 ] } },
{ "type": "Feature", "properties": { "name": "keine Seldenhöhle", "baron_nr": "keine", "ags_hoehlen_nr": "keine", "bezeichnung": "Seldenhöhle", "tiefe": 0.0, "laenge": 0.0, "pendenzen": "NULL", "bemerkung_zur_einrichtung": "NULL", "hoehlenschutz": "SH" }, "geometry": { "type": "Point", "coordinates": [ 8.484679392473165, 47.769445026925645 ] } },
{ "type": "Feature", "properties": { "name": "keine Alter Gipsstollen Oberwiesen", "baron_nr": "keine", "ags_hoehlen_nr": "keine", "bezeichnung": "Alter Gipsstollen Oberwiesen", "tiefe": 0.0, "laenge": 0.0, "pendenzen": "NULL", "bemerkung_zur_einrichtung": "NULL", "hoehlenschutz": "SH" }, "geometry": { "type": "Point", "coordinates": [ 8.460892293784257, 47.748700976378217 ] } },
{ "type": "Feature", "properties": { "name": "keine Höhle am Plomberg 4", "baron_nr": "keine", "ags_hoehlen_nr": "keine", "bezeichnung": "Höhle am Plomberg 4", "tiefe": 0.0, "laenge": 0.0, "pendenzen": "NULL", "bemerkung_zur_einrichtung": "NULL", "hoehlenschutz": "SH" }, "geometry": { "type": "Point", "coordinates": [ 8.465332779598119, 47.657984464203771 ] } },
{ "type": "Feature", "properties": { "name": "keine Höhle am Plomberg 3", "baron_nr": "keine", "ags_hoehlen_nr": "keine", "bezeichnung": "Höhle am Plomberg 3", "tiefe": 0.0, "laenge": 0.0, "pendenzen": "NULL", "bemerkung_zur_einrichtung": "NULL", "hoehlenschutz": "SH" }, "geometry": { "type": "Point", "coordinates": [ 8.465237343961556, 47.657868384000537 ] } },
{ "type": "Feature", "properties": { "name": "keine Höhle am Plomberg 2", "baron_nr": "keine", "ags_hoehlen_nr": "keine", "bezeichnung": "Höhle am Plomberg 2", "tiefe": 0.0, "laenge": 0.0, "pendenzen": "NULL", "bemerkung_zur_einrichtung": "NULL", "hoehlenschutz": "SH" }, "geometry": { "type": "Point", "coordinates": [ 8.465114417749172, 47.657707575986393 ] } },
{ "type": "Feature", "properties": { "name": "keine Höhle am Plomberg 1", "baron_nr": "keine", "ags_hoehlen_nr": "keine", "bezeichnung": "Höhle am Plomberg 1", "tiefe": 0.0, "laenge": 0.0, "pendenzen": "NULL", "bemerkung_zur_einrichtung": "NULL", "hoehlenschutz": "SH" }, "geometry": { "type": "Point", "coordinates": [ 8.465097277031179, 47.657509856392686 ] } },
{ "type": "Feature", "properties": { "name": "keine Ischlag-Höhle 2", "baron_nr": "keine", "ags_hoehlen_nr": "keine", "bezeichnung": "Ischlag-Höhle 2", "tiefe": 2.0, "laenge": 21.4, "pendenzen": "NULL", "bemerkung_zur_einrichtung": "NULL", "hoehlenschutz": "NULL" }, "geometry": { "type": "Point", "coordinates": [ 7.905298313646435, 47.339023595972748 ] } },
{ "type": "Feature", "properties": { "name": "keine Ischlag-Höhle 1", "baron_nr": "keine", "ags_hoehlen_nr": "keine", "bezeichnung": "Ischlag-Höhle 1", "tiefe": 6.0, "laenge": 11.0, "pendenzen": "NULL", "bemerkung_zur_einrichtung": "NULL", "hoehlenschutz": "NULL" }, "geometry": { "type": "Point", "coordinates": [ 7.905617206746332, 47.339175214626913 ] } },
{ "type": "Feature", "properties": { "name": "keine NULL", "baron_nr": "keine", "ags_hoehlen_nr": "HT2", "bezeichnung": "NULL", "tiefe": 2.0, "laenge": 9.0, "pendenzen": "NULL", "bemerkung_zur_einrichtung": "NULL", "hoehlenschutz": "NULL" }, "geometry": { "type": "Point", "coordinates": [ 7.82976881127308, 47.342415923498095 ] } },
{ "type": "Feature", "properties": { "name": "keine NULL", "baron_nr": "keine", "ags_hoehlen_nr": "HT10", "bezeichnung": "NULL", "tiefe": 1.0, "laenge": 7.0, "pendenzen": "NULL", "bemerkung_zur_einrichtung": "NULL", "hoehlenschutz": "NULL" }, "geometry": { "type": "Point", "coordinates": [ 7.828829769679492, 47.3424820574132 ] } },
{ "type": "Feature", "properties": { "name": "keine NULL", "baron_nr": "keine", "ags_hoehlen_nr": "HT14", "bezeichnung": "NULL", "tiefe": 3.0, "laenge": 9.5, "pendenzen": "NULL", "bemerkung_zur_einrichtung": "NULL", "hoehlenschutz": "NULL" }, "geometry": { "type": "Point", "coordinates": [ 7.828827864511672, 47.342221224582822 ] } },
{ "type": "Feature", "properties": { "name": "keine Sandloch", "baron_nr": "keine", "ags_hoehlen_nr": "HT1", "bezeichnung": "Sandloch", "tiefe": -11.0, "laenge": 50.0, "pendenzen": "NULL", "bemerkung_zur_einrichtung": "NULL", "hoehlenschutz": "NULL" }, "geometry": { "type": "Point", "coordinates": [ 7.829342479590155, 47.342021608735671 ] } },
{ "type": "Feature", "properties": { "name": "keine Spalt", "baron_nr": "keine", "ags_hoehlen_nr": "HT12", "bezeichnung": "Spalt", "tiefe": 0.8, "laenge": 4.0, "pendenzen": "NULL", "bemerkung_zur_einrichtung": "NULL", "hoehlenschutz": "NULL" }, "geometry": { "type": "Point", "coordinates": [ 7.828447079258388, 47.342627259509115 ] } },
{ "type": "Feature", "properties": { "name": "keine Bachhöhle", "baron_nr": "keine", "ags_hoehlen_nr": "HT4", "bezeichnung": "Bachhöhle", "tiefe": 0.0, "laenge": 38.0, "pendenzen": "NULL", "bemerkung_zur_einrichtung": "NULL", "hoehlenschutz": "NULL" }, "geometry": { "type": "Point", "coordinates": [ 7.829152213540424, 47.343146558601362 ] } },
{ "type": "Feature", "properties": { "name": "keine Durchgangshöhle", "baron_nr": "keine", "ags_hoehlen_nr": "HT11", "bezeichnung": "Durchgangshöhle", "tiefe": 0.5, "laenge": 8.0, "pendenzen": "NULL", "bemerkung_zur_einrichtung": "NULL", "hoehlenschutz": "NULL" }, "geometry": { "type": "Point", "coordinates": [ 7.828764132999709, 47.342554234546121 ] } },
{ "type": "Feature", "properties": { "name": "keine NULL", "baron_nr": "keine", "ags_hoehlen_nr": "HT9", "bezeichnung": "NULL", "tiefe": 0.0, "laenge": 4.0, "pendenzen": "NULL", "bemerkung_zur_einrichtung": "NULL", "hoehlenschutz": "NULL" }, "geometry": { "type": "Point", "coordinates": [ 7.828817259878265, 47.342581038652334 ] } },
{ "type": "Feature", "properties": { "name": "keine NULL", "baron_nr": "keine", "ags_hoehlen_nr": "HT7", "bezeichnung": "NULL", "tiefe": 0.0, "laenge": 10.5, "pendenzen": "NULL", "bemerkung_zur_einrichtung": "NULL", "hoehlenschutz": "NULL" }, "geometry": { "type": "Point", "coordinates": [ 7.828896720320979, 47.342589764943504 ] } },
{ "type": "Feature", "properties": { "name": "keine im Bach", "baron_nr": "keine", "ags_hoehlen_nr": "HT3", "bezeichnung": "im Bach", "tiefe": 0.0, "laenge": 4.0, "pendenzen": "NULL", "bemerkung_zur_einrichtung": "NULL", "hoehlenschutz": "NULL" }, "geometry": { "type": "Point", "coordinates": [ 7.829575656605209, 47.343145127707295 ] } },
{ "type": "Feature", "properties": { "name": "keine Versturz", "baron_nr": "keine", "ags_hoehlen_nr": "HT5", "bezeichnung": "Versturz", "tiefe": 0.0, "laenge": 6.0, "pendenzen": "NULL", "bemerkung_zur_einrichtung": "NULL", "hoehlenschutz": "NULL" }, "geometry": { "type": "Point", "coordinates": [ 7.828919743730947, 47.34392986100984 ] } },
{ "type": "Feature", "properties": { "name": "keine NULL", "baron_nr": "keine", "ags_hoehlen_nr": "HT19", "bezeichnung": "NULL", "tiefe": 2.0, "laenge": 2.0, "pendenzen": "NULL", "bemerkung_zur_einrichtung": "NULL", "hoehlenschutz": "NULL" }, "geometry": { "type": "Point", "coordinates": [ 7.820189758617285, 47.344471680351567 ] } },
{ "type": "Feature", "properties": { "name": "keine NULL", "baron_nr": "keine", "ags_hoehlen_nr": "HT22", "bezeichnung": "NULL", "tiefe": 0.0, "laenge": 8.9, "pendenzen": "NULL", "bemerkung_zur_einrichtung": "NULL", "hoehlenschutz": "NULL" }, "geometry": { "type": "Point", "coordinates": [ 7.820677125833416, 47.34415526555923 ] } },
{ "type": "Feature", "properties": { "name": "keine NULL", "baron_nr": "keine", "ags_hoehlen_nr": "HT20", "bezeichnung": "NULL", "tiefe": 6.9, "laenge": 14.4, "pendenzen": "NULL", "bemerkung_zur_einrichtung": "NULL", "hoehlenschutz": "NULL" }, "geometry": { "type": "Point", "coordinates": [ 7.820847415464302, 47.343911852724325 ] } },
{ "type": "Feature", "properties": { "name": "keine NULL", "baron_nr": "keine", "ags_hoehlen_nr": "HT21", "bezeichnung": "NULL", "tiefe": 0.0, "laenge": 5.9, "pendenzen": "NULL", "bemerkung_zur_einrichtung": "NULL", "hoehlenschutz": "NULL" }, "geometry": { "type": "Point", "coordinates": [ 7.820886084134866, 47.343767813724817 ] } },
{ "type": "Feature", "properties": { "name": "keine Quellfassung", "baron_nr": "keine", "ags_hoehlen_nr": "HT8", "bezeichnung": "Quellfassung", "tiefe": 3.7, "laenge": 18.0, "pendenzen": "NULL", "bemerkung_zur_einrichtung": "NULL", "hoehlenschutz": "NULL" }, "geometry": { "type": "Point", "coordinates": [ 7.822028942393477, 47.344438613832104 ] } },
{ "type": "Feature", "properties": { "name": "keine Sexihöhle", "baron_nr": "keine", "ags_hoehlen_nr": "HT6", "bezeichnung": "Sexihöhle", "tiefe": 1.0, "laenge": 10.0, "pendenzen": "NULL", "bemerkung_zur_einrichtung": "NULL", "hoehlenschutz": "NULL" }, "geometry": { "type": "Point", "coordinates": [ 7.82266496321797, 47.344553431166887 ] } },
{ "type": "Feature", "properties": { "name": "keine NULL", "baron_nr": "keine", "ags_hoehlen_nr": "HT13", "bezeichnung": "NULL", "tiefe": 2.8, "laenge": 9.0, "pendenzen": "NULL", "bemerkung_zur_einrichtung": "NULL", "hoehlenschutz": "NULL" }, "geometry": { "type": "Point", "coordinates": [ 7.826627334944785, 47.343505842055016 ] } },
{ "type": "Feature", "properties": { "name": "keine NULL", "baron_nr": "keine", "ags_hoehlen_nr": "HT16", "bezeichnung": "NULL", "tiefe": 3.8, "laenge": 5.1, "pendenzen": "NULL", "bemerkung_zur_einrichtung": "NULL", "hoehlenschutz": "NULL" }, "geometry": { "type": "Point", "coordinates": [ 7.823870784431154, 47.342939413621288 ] } },
{ "type": "Feature", "properties": { "name": "keine NULL", "baron_nr": "keine", "ags_hoehlen_nr": "HT17", "bezeichnung": "NULL", "tiefe": 0.0, "laenge": 0.0, "pendenzen": "NULL", "bemerkung_zur_einrichtung": "NULL", "hoehlenschutz": "NULL" }, "geometry": { "type": "Point", "coordinates": [ 7.824108256417758, 47.342839683235781 ] } },
{ "type": "Feature", "properties": { "name": "keine Abri", "baron_nr": "keine", "ags_hoehlen_nr": "HT23", "bezeichnung": "Abri", "tiefe": 2.0, "laenge": 45.5, "pendenzen": "NULL", "bemerkung_zur_einrichtung": "NULL", "hoehlenschutz": "NULL" }, "geometry": { "type": "Point", "coordinates": [ 7.831774842553269, 47.341689563383177 ] } },
{ "type": "Feature", "properties": { "name": "keine NULL", "baron_nr": "keine", "ags_hoehlen_nr": "HT18", "bezeichnung": "NULL", "tiefe": 0.0, "laenge": 4.0, "pendenzen": "NULL", "bemerkung_zur_einrichtung": "NULL", "hoehlenschutz": "NULL" }, "geometry": { "type": "Point", "coordinates": [ 7.8326304930664, 47.341084021889152 ] } },
{ "type": "Feature", "properties": { "name": "keine Erdfall beim Galgen", "baron_nr": "keine", "ags_hoehlen_nr": "keine", "bezeichnung": "Erdfall beim Galgen", "tiefe": -3.5, "laenge": 7.0, "pendenzen": "NULL", "bemerkung_zur_einrichtung": "NULL", "hoehlenschutz": "NULL" }, "geometry": { "type": "Point", "coordinates": [ 7.866500128220026, 47.315635074933077 ] } },
{ "type": "Feature", "properties": { "name": "keine Heideloch", "baron_nr": "keine", "ags_hoehlen_nr": "keine", "bezeichnung": "Heideloch", "tiefe": -23.0, "laenge": 47.0, "pendenzen": "NULL", "bemerkung_zur_einrichtung": "NULL", "hoehlenschutz": "NULL" }, "geometry": { "type": "Point", "coordinates": [ 7.884515851935069, 47.319011868666131 ] } },
{ "type": "Feature", "properties": { "name": "keine Fledermaus-Stübli", "baron_nr": "keine", "ags_hoehlen_nr": "keine", "bezeichnung": "Fledermaus-Stübli", "tiefe": -12.0, "laenge": 43.0, "pendenzen": "NULL", "bemerkung_zur_einrichtung": "NULL", "hoehlenschutz": "NULL" }, "geometry": { "type": "Point", "coordinates": [ 7.884646615831711, 47.318831472912969 ] } },
{ "type": "Feature", "properties": { "name": "keine Höhle HSt 2", "baron_nr": "keine", "ags_hoehlen_nr": "keine", "bezeichnung": "Höhle HSt 2", "tiefe": 0.0, "laenge": 0.0, "pendenzen": "NULL", "bemerkung_zur_einrichtung": "NULL", "hoehlenschutz": "NULL" }, "geometry": { "type": "Point", "coordinates": [ 7.885944470441294, 47.319024335730418 ] } },
{ "type": "Feature", "properties": { "name": "keine Höhle unter Heideloch", "baron_nr": "keine", "ags_hoehlen_nr": "keine", "bezeichnung": "Höhle unter Heideloch", "tiefe": -9.1, "laenge": 42.7, "pendenzen": "NULL", "bemerkung_zur_einrichtung": "NULL", "hoehlenschutz": "NULL" }, "geometry": { "type": "Point", "coordinates": [ 7.885093912129729, 47.318541919663787 ] } },
{ "type": "Feature", "properties": { "name": "keine Chessiloch", "baron_nr": "keine", "ags_hoehlen_nr": "keine", "bezeichnung": "Chessiloch", "tiefe": -27.0, "laenge": 81.0, "pendenzen": "NULL", "bemerkung_zur_einrichtung": "NULL", "hoehlenschutz": "NULL" }, "geometry": { "type": "Point", "coordinates": [ 7.874482211706838, 47.316459722855647 ] } }
]
}
